Model,Year,Category,Rating,Displacement,Engine type,Power,Torque,Valves per cylinder,Gearbox,Front brakes,Rear brakes,Dry weight,Power/weight ratio,Seat height,Starter,Cooling system,Top speed,Fuel control,Transmission type,Fuel capacity,Fuel system,Wheelbase,Lubrication system,Front suspension,Rear suspension,Front tire,Rear tire,Comments,Max RPM,Compression,Bore x stroke,Ignition,Clutch,Exhaust system,Rake (fork angle),Diameter,0-100 km/h (0-62 mph),Frame type,Color options,"Weight incl. oil, gas, etc",Overall length,Overall width,Oil capacity,Engine oil,Brake fluid,Spark plugs,Idle speed,Tire pressure front,Tire pressure rear,Fork tube size,Fuel consumption,Greenhouse gases,Ground clearance,Front wheel travel,Rear wheel travel,Overall height,Reserve fuel capacity,Oil filter,Battery,Chain size,Chain links,Sprockets,Engine details,Trail,Modifications compared to previous model,1/4 mile (0.4 km),"60-140 km/h (37-87 mph), highest gear",Wheels
BMW R 100 GS Paris-Dakar,1995,Allround," 3.2  Check out the detailed rating of reliability, maintenance costs, value for money, etc. Compare with any other motorcycle.",974.0 ccm (59.43 cubic inches),"Two cylinder boxer, four-stroke",60.0 HP (43.8  kW)) @ 6500 RPM,74.5 Nm (7.6 kgf-m or 55.0 ft.lbs) @ 3750 RPM,2,5-speed,Single disc,Expanding brake,207.0 kg (456.4 pounds),0.2899 HP/kg,"850 mm (33.5 inches) If adjustable, lowest setting.",Electric,,,,,,,,,,,,,,,,,,,,,,,,,,,,,,,,,,,,,,,,,,,,,,,,,,,,,
Kawasaki EN 500,1995,Custom / cruiser," 3.7  See the detailed rating of design and look, maintenance cost, engine performance, etc. Compare with any other bike.",499.0 ccm (30.45 cubic inches),"Twin, four-stroke",50.0 HP (36.5  kW)) @ 8500 RPM,40.2 Nm (4.1 kgf-m or 29.7 ft.lbs) @ 7300 RPM,4,6-speed,Single disc,Single disc,187.0 kg (412.3 pounds),0.2674 HP/kg,"720 mm (28.3 inches) If adjustable, lowest setting.",,Liquid,,,,,,,,,,,,,,,,,,,,,,,,,,,,,,,,,,,,,,,,,,,,,,,,,,,,
Piaggio Sfera RST 125,1995,Scooter," 2.9  View the detailed rating of value for money, design and look, reliability, etc. Compare with any other bike.",124.0 ccm (7.57 cubic inches),"Single cylinder, four-stroke",9.4 HP (6.8  kW)) @ 7600 RPM,,2,Automatic,Single disc,Expanding brake (drum brake),105.0 kg (231.5 pounds),0.0893 HP/kg,,Electric & kick,Air,90.0 km/h (55.9 mph),Membrane,Belt   (final drive),7.00 litres (1.85 US gallons),,,,,,,,,,,,,,,,,,,,,,,,,,,,,,,,,,,,,,,,,,,,,,,,
Suzuki Bandit 400,1995,Naked bike," 3.3  See the detailed rating of engine performance, design and look, accident risk, etc. Compare with any other motorcycle.",398.0 ccm (24.29 cubic inches),"In-line four, four-stroke",,,,6-speed,,,,,,,Liquid,,Double Overhead Cams/Twin Cam (DOHC),Chain   (final drive),,Carburettor,,,,,,,,,,,,,,,,,,,,,,,,,,,,,,,,,,,,,,,,,,,,,,,
Yamaha VMX 1200 V-Max,1995,Custom / cruiser," 3.6  See the detailed rating of design and look, maintenance cost, engine performance, etc. Compare with any other bike.",1198.0 ccm (73.10 cubic inches),"V4, four-stroke",100.0 HP (73.0  kW)) @ 7500 RPM,114.7 Nm (11.7 kgf-m or 84.6 ft.lbs) @ 6000 RPM,4,5-speed,Dual disc,Single disc,262.0 kg (577.6 pounds),0.3817 HP/kg,"765 mm (30.1 inches) If adjustable, lowest setting.",Electric,Liquid,,,Shaft drive (cardan)   (final drive),,,1590 mm (62.6 inches),,,,,,,,,,,,,,,,,,,,,,,,,,,,,,,,,,,,,,,,,,,,,,
Kawasaki Zephyr 750,1995,Naked bike," 3.1  See the detailed rating of engine performance, design and look, accident risk, etc. Compare with any other motorcycle.",738.0 ccm (45.03 cubic inches),"In-line four, four-stroke",72.0 HP (52.6  kW)) @ 9500 RPM,56.9 Nm (5.8 kgf-m or 42.0 ft.lbs) @ 7300 RPM,2,5-speed,Double disc,Single disc,201.0 kg (443.1 pounds),0.3582 HP/kg,"780 mm (30.7 inches) If adjustable, lowest setting.",Electric,Air,,Double Overhead Cams/Twin Cam (DOHC),Chain   (final drive),,Carburettor,,Wet sump,41mm telescopic fork,Dual gas shocks,120/70-17 ,150/70-17 ,"Area code EU,UK,FR,NL,AR,FG,GR,SP,ST:  
frame range ZR750C 050001 - ZR750C 999999  
engine range KZ750EE 150001 - KZ750EE 999999
",,,,,,,,,,,,,,,,,,,,,,,,,,,,,,,,,,,,,,,,
Suzuki RF 900 RS,1995,Sport," 3.6  Check out the detailed rating of racing track capabilities, engine performance, accident risk, etc. Compare with any other bike.",937.0 ccm (57.18 cubic inches),"In-line four, four-stroke",125.0 HP (91.2  kW)) @ 10000 RPM,95.1 Nm (9.7 kgf-m or 70.1 ft.lbs) @ 9000 RPM,4,5-speed,Dual disc,Single disc,203.0 kg (447.5 pounds),0.6158 HP/kg,"805 mm (31.7 inches) If adjustable, lowest setting.",Electric,,,,Chain   (final drive),,,,,,,,,,,,,,,,,,,,,,,,,,,,,,,,,,,,,,,,,,,,,,,,,
Ducati 916 Strada,1995,Sport," 3.8  Check out the detailed rating of racing track capabilities, engine performance, accident risk, etc. Compare with any other bike.",916.0 ccm (55.89 cubic inches),"V2, four-stroke",114.0 HP (83.2  kW)) @ 9000 RPM,,4,6-speed,Dual disc,Single disc,195.0 kg (429.9 pounds),0.5846 HP/kg,"790 mm (31.1 inches) If adjustable, lowest setting.",Electric,,,,Chain   (final drive),,,,,,,,,,,,,,,,,,,,,,,,,,,,,,,,,,,,,,,,,,,,,,,,,
Suzuki LS 650 Savage,1995,Custom / cruiser," 3.4  See the detailed rating of design and look, maintenance cost, engine performance, etc. Compare with any other bike.",652.0 ccm (39.79 cubic inches),"Single cylinder, four-stroke",31.0 HP (22.6  kW)) @ 5400 RPM,50.0 Nm (5.1 kgf-m or 36.9 ft.lbs) @ 3000 RPM,4,5-speed,Single disc,Expanding brake,160.0 kg (352.7 pounds),0.1938 HP/kg,"700 mm (27.6 inches) If adjustable, lowest setting.",Electric,Air,,,Belt   (final drive),,,,,,,,,,,,,,,,,,,,,,,,,,,,,,,,,,,,,,,,,,,,,,,,,
Moto Guzzi NTX 750,1995,Enduro / offroad,Do you know this bike?Click here to rate it. We miss 2 votes to show the rating.,750.0 ccm (45.77 cubic inches),"V2, four-stroke",50.0 HP (36.5  kW)),49.0 Nm (5.0 kgf-m or 36.1 ft.lbs),2,5-speed,,,,,,,Air,,,Shaft drive (cardan)   (final drive),,Carburettor. Dell ´Orto,,,,,,,,7050,10.0:1,80.0 x 64.0 mm (3.1 x 2.5 inches),electronic,multiple dry plates,2 in 1,49.0°,,,,,,,,,,,,,,,,,,,,,,,,,,,,,,,,,
Honda VF 750 C Shadow,1995,Custom / cruiser," 3.6  See the detailed rating of design and look, maintenance cost, engine performance, etc. Compare with any other bike.",748.0 ccm (45.64 cubic inches),"V4, four-stroke",88.0 HP (64.2  kW)) @ 9000 RPM,70.6 Nm (7.2 kgf-m or 52.1 ft.lbs) @ 7500 RPM,4,5-speed,Single disc,Expanding brake,229.0 kg (504.9 pounds),0.3843 HP/kg,"710 mm (28.0 inches) If adjustable, lowest setting.",Electric,,,,,,,,,,,,,,,,,,,,,,,,,,,,,,,,,,,,,,,,,,,,,,,,,,,,,
Harley-Davidson 883 Sportster Standard,1995,Custom / cruiser," 3.4  See the detailed rating of design and look, maintenance cost, engine performance, etc. Compare with any other bike.",883.0 ccm (53.88 cubic inches),"V2, four-stroke",42.0 HP (30.7  kW)) @ 5600 RPM,58.8 Nm (6.0 kgf-m or 43.4 ft.lbs) @ 4400 RPM,2,5-speed,Single disc,Single disc,222.0 kg (489.4 pounds),0.1892 HP/kg,"724 mm (28.5 inches) If adjustable, lowest setting.",Electric,Air,,,Belt   (final drive),,,,,,,,,,,,,,,,,,,,,,,,,,,,,,,,,,,,,,,,,,,,,,,,,
Yamaha XV 1100 Virago,1995,Custom / cruiser," 3.7  See the detailed rating of design and look, maintenance cost, engine performance, etc. Compare with any other bike.",1063.0 ccm (64.86 cubic inches),"V2, four-stroke",61.7 HP (45.0  kW)) @ 6000 RPM,85.3 Nm (8.7 kgf-m or 62.9 ft.lbs) @ 3000 RPM,2,5-speed,Dual disc,Expanding brake,221.0 kg (487.2 pounds),0.2792 HP/kg,"715 mm (28.1 inches) If adjustable, lowest setting.",Electric,Air,,,,,,,,,,,,,,,,,,,,,,,,,,,,,,,,,,,,,,,,,,,,,,,,,,,,
Honda NTV 650,1995,Naked bike," 3.5  See the detailed rating of engine performance, design and look, accident risk, etc. Compare with any other motorcycle.",647.0 ccm (39.48 cubic inches),"V2, four-stroke",57.0 HP (41.6  kW)) @ 7500 RPM,55.9 Nm (5.7 kgf-m or 41.2 ft.lbs) @ 6500 RPM,3,5-speed,Single disc,Single disc,187.0 kg (412.3 pounds),0.3048 HP/kg,"780 mm (30.7 inches) If adjustable, lowest setting.",Electric,Liquid,,,Shaft drive (cardan)   (final drive),,,,,,,,,,,,,,,,,,,,,,,,,,,,,,,,,,,,,,,,,,,,,,,,,
Triumph Trident 900,1995,Naked bike," 3.8  See the detailed rating of engine performance, design and look, accident risk, etc. Compare with any other motorcycle.",885.0 ccm (54.00 cubic inches),"In-line three, four-stroke",98.0 HP (71.5  kW)) @ 9000 RPM,81.4 Nm (8.3 kgf-m or 60.0 ft.lbs) @ 6500 RPM,4,6-speed,Dual disc,Single disc,212.0 kg (467.4 pounds),0.4623 HP/kg,"775 mm (30.5 inches) If adjustable, lowest setting.",Electric,Liquid,,,Chain   (final drive),,,,,,,,,,,,,,,,,,,,,,,,,,,,,,,,,,,,,,,,,,,,,,,,,
Honda XL 600 V Transalp,1995,Enduro / offroad," 3.7  Check out the detailed rating of off-road capabilities, engine performance, maintenance cost, etc. Compare with any other bike.",583.0 ccm (35.57 cubic inches),"V2, four-stroke",50.0 HP (36.5  kW)) @ 8000 RPM,52.0 Nm (5.3 kgf-m or 38.4 ft.lbs) @ 6000 RPM,3,5-speed,Single disc,Single disc,183.0 kg (403.4 pounds),0.2732 HP/kg,"850 mm (33.5 inches) If adjustable, lowest setting.",,,,,Chain   (final drive),,,,,,,,,,,,,,,,,,,,,,,,,,,,,,,,,,,,,,,,,,,,,,,,,
BMW R 1100 R,1995,Naked bike," 3.3  See the detailed rating of engine performance, design and look, accident risk, etc. Compare with any other motorcycle.",1085.0 ccm (66.21 cubic inches),"Two cylinder boxer, four-stroke",80.0 HP (58.4  kW)) @ 6750 RPM,95.1 Nm (9.7 kgf-m or 70.1 ft.lbs) @ 5250 RPM,4,5-speed,Dual disc,Single disc,217.0 kg (478.4 pounds),0.3687 HP/kg,"780 mm (30.7 inches) If adjustable, lowest setting.",Electric,,,,Shaft drive (cardan)   (final drive),,,,,,,,,,,,,,,,,,,,,,,,,,,,,,,,,,,,,,,,,,,,,,,,,
Moto Guzzi Daytona 1000,1995,Sport," 3.0  Check out the detailed rating of racing track capabilities, engine performance, accident risk, etc. Compare with any other bike.",992.0 ccm (60.53 cubic inches),"V2, four-stroke",95.0 HP (69.3  kW)) @ 8000 RPM,104.0 Nm (10.6 kgf-m or 76.7 ft.lbs) @ 6000 RPM,4,5-speed,Dual disc,Single disc,205.0 kg (451.9 pounds),0.4634 HP/kg,"785 mm (30.9 inches) If adjustable, lowest setting.",Electric,Air,,,,,,,,,,,,,,,,,,,,,,,,,,,,,,,,,,,,,,,,,,,,,,,,,,,,
Harley-Davidson 1340 Bad Boy,1995,Custom / cruiser," 3.5  See the detailed rating of design and look, maintenance cost, engine performance, etc. Compare with any other bike.",1338.0 ccm (81.64 cubic inches),"V2, four-stroke",48.0 HP (35.0  kW)) @ 4900 RPM,86.3 Nm (8.8 kgf-m or 63.7 ft.lbs) @ 2400 RPM,2,5-speed,Single disc,Single disc,284.0 kg (626.1 pounds),0.1690 HP/kg,"663 mm (26.1 inches) If adjustable, lowest setting.",Electric,Air,,,Belt   (final drive),,,,,,,,,,,,,,,,,,,,,,,,,,,,,,,,,,,,,,,,,,,,,,,,,
MuZ Silver Star,1995,Naked bike," 3.4  See the detailed rating of engine performance, design and look, accident risk, etc. Compare with any other motorcycle.",494.0 ccm (30.14 cubic inches),"Single cylinder, four-stroke",34.0 HP (24.8  kW)) @ 7200 RPM,34.3 Nm (3.5 kgf-m or 25.3 ft.lbs) @ 6000 RPM,4,5-speed,Single disc,Expanding brake,221.0 kg (487.2 pounds),0.1538 HP/kg,"730 mm (28.7 inches) If adjustable, lowest setting.",,Air,,,,,,,,,,,,Comes with sidecar.,,,,,,,,,,,,,,,,,,,,,,,,,,,,,,,,,,,,,,,,
Honda VT 1100 C Shadow,1995,Custom / cruiser," 3.7  See the detailed rating of design and look, maintenance cost, engine performance, etc. Compare with any other bike.",1099.0 ccm (67.06 cubic inches),"V2, four-stroke",60.0 HP (43.8  kW)) @ 5000 RPM,95.1 Nm (9.7 kgf-m or 70.1 ft.lbs) @ 2750 RPM,3,5-speed,Single disc,Single disc,245.0 kg (540.1 pounds),0.2449 HP/kg,"705 mm (27.8 inches) If adjustable, lowest setting.",Electric,,,,,,,,,,,,,,,,,,,,,,,,,,,,,,,,,,,,,,,,,,,,,,,,,,,,,
Suzuki GS 500 E,1995,Naked bike," 3.5  See the detailed rating of engine performance, design and look, accident risk, etc. Compare with any other motorcycle.",487.0 ccm (29.72 cubic inches),"Twin, four-stroke",45.0 HP (32.8  kW)) @ 9200 RPM,39.0 Nm (4.0 kgf-m or 28.8 ft.lbs) @ 7600 RPM,2,6-speed,Single disc,Single disc,169.0 kg (372.6 pounds),0.2663 HP/kg,"790 mm (31.1 inches) If adjustable, lowest setting.",,Air,,,Chain   (final drive),,,1410 mm (55.5 inches),,,,,,,,,74.0 x 56.0 mm (2.9 x 2.2 inches),,,,,250 mm (9.8 inches),,,,,,,,,,,,,,,,,,,,,,,,,,,,,,,,
Honda CBR 1000 F,1995,Sport touring," 3.5  See the detailed rating of touring capabilities, reliability, accident risk, etc. Compare with any other motorbike.",998.0 ccm (60.90 cubic inches),"In-line four, four-stroke",135.0 HP (98.5  kW)) @ 9500 RPM,104.0 Nm (10.6 kgf-m or 76.7 ft.lbs) @ 8500 RPM,4,6-speed,Dual disc,Single disc,235.0 kg (518.1 pounds),0.5745 HP/kg,"780 mm (30.7 inches) If adjustable, lowest setting.",Electric,Liquid,,,Chain   (final drive),,,,,,,,,,,,,,,,,,,,,,,,,,,,,,,,,,,,,,,,,,,,,,,,,
Suzuki GN 250,1995,Naked bike," 3.1  See the detailed rating of engine performance, design and look, accident risk, etc. Compare with any other motorcycle.",249.0 ccm (15.19 cubic inches),"Single cylinder, four-stroke",22.0 HP (16.1  kW)) @ 8500 RPM,19.6 Nm (2.0 kgf-m or 14.5 ft.lbs) @ 5500 RPM,4,5-speed,Single disc,Expanding brake,129.0 kg (284.4 pounds),0.1705 HP/kg,"740 mm (29.1 inches) If adjustable, lowest setting.",,Air,,,Chain   (final drive),,,,,,,,,,,,,,,,,,,,,,,,,,,,,,,,,,,,,,,,,,,,,,,,,
Honda CBR 600 F3,1995,Sport," 3.8  Check out the detailed rating of racing track capabilities, engine performance, accident risk, etc. Compare with any other bike.",599.0 ccm (36.55 cubic inches),"In-line four, four-stroke",100.0 HP (73.0  kW)) @ 12000 RPM,61.8 Nm (6.3 kgf-m or 45.6 ft.lbs) @ 10500 RPM,4,6-speed,Dual disc,Single disc,185.0 kg (407.9 pounds),0.5405 HP/kg,"810 mm (31.9 inches) If adjustable, lowest setting.",Electric,Liquid,,,Chain   (final drive),,,,,,,,,,,,,,,,,,,,,,,,,,,,,,,,,,,,,,,,,,,,,,,,,
Cagiva 750 Elefant,1995,Enduro / offroad," 3.2  Check out the detailed rating of off-road capabilities, engine performance, maintenance cost, etc. Compare with any other bike.",748.0 ccm (45.64 cubic inches),"V2, four-stroke",60.0 HP (43.8  kW)) @ 6500 RPM,63.7 Nm (6.5 kgf-m or 47.0 ft.lbs) @ 5500 RPM,2,5-speed,Single disc,Single disc,188.0 kg (414.5 pounds),0.3191 HP/kg,"835 mm (32.9 inches) If adjustable, lowest setting.",,,,,Chain   (final drive),,,,,,,,,,,,,,,,,,,,,,,,,,,,,,,,,,,,,,,,,,,,,,,,,
Honda VT 600 C Shadow,1995,Custom / cruiser," 3.4  See the detailed rating of design and look, maintenance cost, engine performance, etc. Compare with any other bike.",583.0 ccm (35.57 cubic inches),"V2, four-stroke",43.0 HP (31.4  kW)) @ 6500 RPM,51.0 Nm (5.2 kgf-m or 37.6 ft.lbs) @ 3500 RPM,3,4-speed,Single disc,Expanding brake,185.0 kg (407.9 pounds),0.2324 HP/kg,"670 mm (26.4 inches) If adjustable, lowest setting.",Electric,,,,Chain   (final drive),,,,,,,,,,,,,,,,,,,,,,,,,,,,,,,,,,,,,,,,,,,,,,,,,
Honda XRV 750 Africa Twin,1995,Enduro / offroad," 3.9  Check out the detailed rating of off-road capabilities, engine performance, maintenance cost, etc. Compare with any other bike.",742.0 ccm (45.28 cubic inches),"V2, four-stroke",60.0 HP (43.8  kW)) @ 7500 RPM,61.8 Nm (6.3 kgf-m or 45.6 ft.lbs) @ 6000 RPM,3,5-speed,Dual disc,Single disc,205.0 kg (451.9 pounds),0.2927 HP/kg,"865 mm (34.1 inches) If adjustable, lowest setting.",,,,,Chain   (final drive),,,,,,,,,,,,,,,,,,,,,,,,,,,,,,,,,,,,,,,,,,,,,,,,,
Kawasaki GPZ 500 S,1995,Sport," 3.5  Check out the detailed rating of racing track capabilities, engine performance, accident risk, etc. Compare with any other bike.",498.0 ccm (30.39 cubic inches),"Twin, four-stroke",60.0 HP (43.8  kW)) @ 9800 RPM,45.1 Nm (4.6 kgf-m or 33.3 ft.lbs) @ 8500 RPM,4,6-speed,Dual disc,Single disc,179.0 kg (394.6 pounds),0.3352 HP/kg,"775 mm (30.5 inches) If adjustable, lowest setting.",,,,,Chain   (final drive),,,,,,,,,,,,,,,,,,,,,,,,,,,,,,,,,,,,,,,,,,,,,,,,,
Suzuki VS 600 GL Intruder,1995,Custom / cruiser," 3.0  See the detailed rating of design and look, maintenance cost, engine performance, etc. Compare with any other bike.",598.0 ccm (36.49 cubic inches),"V2, two-stroke",,,,,,,,,,,,,,,,Carburettor,,,,,,,,,,,,,,,,,,,,,,,,,,,,,,,,,,,,,,,,,,,,,,,
Ural Lux,1995,Classic,Do you know this bike?Click here to rate it. We miss 1 vote to show the rating.,649.0 ccm (39.60 cubic inches),"Two cylinder boxer, four-stroke",23.5 HP (17.2  kW)) @ 5800 RPM,40.2 Nm (4.1 kgf-m or 29.7 ft.lbs) @ 5100 RPM,2,4-speed,Expanding brake,Expanding brake,310.0 kg (683.4 pounds),0.0758 HP/kg,"810 mm (31.9 inches) If adjustable, lowest setting.",,Air,,,,,,,,,,,,Comes with sidecar.,,,,,,,,,,,,,,,,,,,,,,,,,,,,,,,,,,,,,,,,
Yamaha XJ 600 S Diversion,1995,Sport touring," 3.6  See the detailed rating of touring capabilities, reliability, accident risk, etc. Compare with any other motorbike.",599.0 ccm (36.55 cubic inches),"In-line four, four-stroke",61.0 HP (44.5  kW)) @ 8500 RPM,65.7 Nm (6.7 kgf-m or 48.5 ft.lbs) @ 7000 RPM,2,6-speed,Single disc,Single disc,187.0 kg (412.3 pounds),0.3262 HP/kg,"770 mm (30.3 inches) If adjustable, lowest setting.",Electric,,,,,,,,,,,,,,,,,,,,,,,,,,,,,,,,,,,,,,,,,,,,,,,,,,,,,
Cagiva 900 Elefant,1995,Enduro / offroad," 3.7  Check out the detailed rating of off-road capabilities, engine performance, maintenance cost, etc. Compare with any other bike.",904.0 ccm (55.16 cubic inches),"V2, four-stroke",68.0 HP (49.6  kW)) @ 6500 RPM,77.5 Nm (7.9 kgf-m or 57.2 ft.lbs) @ 5500 RPM,2,6-speed,Single disc,Single disc,185.0 kg (407.9 pounds),0.3676 HP/kg,"835 mm (32.9 inches) If adjustable, lowest setting.",,,,,Chain   (final drive),,,,,,,,,,,,,,,,,,,,,,,,,,,,,,,,,,,,,,,,,,,,,,,,,
Harley-Davidson 1340 Dyna Super Glide,1995,Custom / cruiser," 3.2  See the detailed rating of design and look, maintenance cost, engine performance, etc. Compare with any other bike.",1338.0 ccm (81.64 cubic inches),"V2, four-stroke",48.0 HP (35.0  kW)) @ 4900 RPM,86.3 Nm (8.8 kgf-m or 63.7 ft.lbs) @ 2400 RPM,2,5-speed,Single disc,Single disc,272.0 kg (599.7 pounds),0.1765 HP/kg,"685 mm (27.0 inches) If adjustable, lowest setting.",Electric,Air,,,Belt   (final drive),,,,,,,,,,,,,,,,,,,,,,,,,,,,,,,,,,,,,,,,,,,,,,,,,
Kawasaki ZL 600 Eliminator,1995,Custom / cruiser," 3.9  See the detailed rating of design and look, maintenance cost, engine performance, etc. Compare with any other bike.",592.0 ccm (36.12 cubic inches),"In-line four, four-stroke",61.0 HP (44.5  kW)) @ 10500 RPM,45.1 Nm (4.6 kgf-m or 33.3 ft.lbs) @ 7800 RPM,4,6-speed,Single disc,Expanding brake,200.0 kg (440.9 pounds),0.3050 HP/kg,"715 mm (28.1 inches) If adjustable, lowest setting.",,Liquid,,,,,,,,,,,,,,,,,,,,,,,,,,,,,,,,,,,,,,,,,,,,,,,,,,,,
Harley-Davidson 1200 Sportster,1995,Custom / cruiser," 3.6  See the detailed rating of design and look, maintenance cost, engine performance, etc. Compare with any other bike.",1189.0 ccm (72.55 cubic inches),"V2, four-stroke",50.0 HP (36.5  kW)) @ 5200 RPM,75.5 Nm (7.7 kgf-m or 55.7 ft.lbs) @ 3600 RPM,2,5-speed,Single disc,Single disc,223.0 kg (491.6 pounds),0.2242 HP/kg,"737 mm (29.0 inches) If adjustable, lowest setting.",Electric,Air,,,Belt   (final drive),,,,,,,,,,,,,,,,,,,,,,,,,,,,,,,,,,,,,,,,,,,,,,,,,
BMW K 75 S,1995,Sport touring," 3.5  See the detailed rating of touring capabilities, reliability, accident risk, etc. Compare with any other motorbike.",740.0 ccm (45.15 cubic inches),"In-line three, four-stroke",75.0 HP (54.7  kW)) @ 8500 RPM,66.7 Nm (6.8 kgf-m or 49.2 ft.lbs) @ 6750 RPM,2,5-speed,Dual disc,Single disc,229.0 kg (504.9 pounds),0.3275 HP/kg,"810 mm (31.9 inches) If adjustable, lowest setting.",Electric,,,,,,,,,,,,,,,,,,,,,,,,,,,,,,,,,,,,,,,,,,,,,,,,,,,,,
Honda NX 650 Dominator,1995,Enduro / offroad," 3.8  Check out the detailed rating of off-road capabilities, engine performance, maintenance cost, etc. Compare with any other bike.",644.0 ccm (39.30 cubic inches),"Single cylinder, four-stroke",43.0 HP (31.4  kW)) @ 6000 RPM,53.0 Nm (5.4 kgf-m or 39.1 ft.lbs) @ 5000 RPM,4,5-speed,Single disc,Single disc,164.0 kg (361.6 pounds),0.2622 HP/kg,"865 mm (34.1 inches) If adjustable, lowest setting.",,,,,Chain   (final drive),,,,,,,,,,,,,,,,,,,,,,,,,,,,,,,,,,,,,,,,,,,,,,,,,
MuZ Saxon Voyager,1995,Allround,Do you know this bike?Click here to rate it. We miss 2 votes to show the rating.,494.0 ccm (30.14 cubic inches),"Single cylinder, four-stroke",34.0 HP (24.8  kW)) @ 7200 RPM,34.3 Nm (3.5 kgf-m or 25.3 ft.lbs) @ 6000 RPM,4,5-speed,Single disc,Expanding brake,224.0 kg (493.8 pounds),0.1518 HP/kg,"780 mm (30.7 inches) If adjustable, lowest setting.",,Air,,,,,,,,,,,,Comes with sidecar.,,,,,,,,,,,,,,,,,,,,,,,,,,,,,,,,,,,,,,,,
Harley-Davidson 1340 Electra Glide Road King,1995,Custom / cruiser," 3.6  See the detailed rating of design and look, maintenance cost, engine performance, etc. Compare with any other bike.",1338.0 ccm (81.64 cubic inches),"V2, four-stroke",60.0 HP (43.8  kW)) @ 5000 RPM,94.1 Nm (9.6 kgf-m or 69.4 ft.lbs) @ 3600 RPM,2,5-speed,Dual disc,Single disc,314.0 kg (692.3 pounds),0.1911 HP/kg,"749 mm (29.5 inches) If adjustable, lowest setting.",Electric,Air,,,Belt   (final drive),,,,,,,,,,,,,,,,,,,,,,,,,,,,,,,,,,,,,,,,,,,,,,,,,
Bimota Mantra,1995,Naked bike," 3.3  See the detailed rating of engine performance, design and look, accident risk, etc. Compare with any other motorcycle.",904.0 ccm (55.16 cubic inches),"V2, four-stroke",85.0 HP (62.0  kW)) @ 7000 RPM,90.2 Nm (9.2 kgf-m or 66.5 ft.lbs) @ 5700 RPM,,6-speed,Dual disc,Single disc,192.0 kg (423.3 pounds),0.4427 HP/kg,,Electric,,,,Chain   (final drive),,,,,,,,,,,,,,,,,,,,,,,,,,,,,,,,,,,,,,,,,,,,,,,,,
Kawasaki KLX 650,1995,Enduro / offroad," 3.6  Check out the detailed rating of off-road capabilities, engine performance, maintenance cost, etc. Compare with any other bike.",651.0 ccm (39.72 cubic inches),"Single cylinder, four-stroke",45.0 HP (32.8  kW)) @ 6500 RPM,52.0 Nm (5.3 kgf-m or 38.4 ft.lbs) @ 5000 RPM,4,5-speed,Single disc,Single disc,153.0 kg (337.3 pounds),0.2941 HP/kg,"885 mm (34.8 inches) If adjustable, lowest setting.",,,,,Chain   (final drive),,,,,,,,,,,,,,,,,,,,,,,,,,,,,,,,,,,,,,,,,,,,,,,,,
Triumph Trophy 1200,1995,Touring," 3.5  See the detailed rating of touring capabilities, reliability, accident risk, etc. Compare with any other motorbike.",1180.0 ccm (72.00 cubic inches),"In-line four, four-stroke",108.0 HP (78.8  kW)) @ 9000 RPM,102.0 Nm (10.4 kgf-m or 75.2 ft.lbs) @ 5000 RPM,4,6-speed,Dual disc,Single disc,232.0 kg (511.5 pounds),0.4655 HP/kg,"780 mm (30.7 inches) If adjustable, lowest setting.",Electric,,,,,,,,,,,,,,,,,,,,,,,,,,,,,,,,,,,,,,,,,,,,,,,,,,,,,
Yamaha XV 535 S Virago,1995,Custom / cruiser," 3.0  See the detailed rating of design and look, maintenance cost, engine performance, etc. Compare with any other bike.",535.0 ccm (32.65 cubic inches),"V2, four-stroke",46.0 HP (33.6  kW)) @ 7500 RPM,47.1 Nm (4.8 kgf-m or 34.7 ft.lbs) @ 6000 RPM,2,5-speed,Single disc,Expanding brake,182.0 kg (401.2 pounds),0.2527 HP/kg,"720 mm (28.3 inches) If adjustable, lowest setting.",Electric,Air,,,,,,,,,,,,,,,,,,,,,,,,,,,,,,,,,,,,,,,,,,,,,,,,,,,,
Husaberg FE 600 Enduro,1995,Enduro / offroad," 2.4  Check out the detailed rating of off-road capabilities, engine performance, maintenance cost, etc. Compare with any other bike.",595.0 ccm (36.31 cubic inches),"Single cylinder, four-stroke",55.0 HP (40.1  kW)),,4,6-speed,Single disc,Single disc,109.0 kg (240.3 pounds),0.5046 HP/kg,"950 mm (37.4 inches) If adjustable, lowest setting.",,Liquid,,,Chain   (final drive),,,,,,,,,,,,,,,,,,,,,,,,,,,,,,,,,,,,,,,,,,,,,,,,,
Aprilia SR 50,1995,Scooter," 2.9  View the detailed rating of value for money, design and look, reliability, etc. Compare with any other bike.",50.0 ccm (3.05 cubic inches),"Single cylinder, two-stroke",,,,,Single disc,Expanding brake (drum brake),,,,Electric & kick,Liquid,,Membrane,Belt   (final drive),,,,,,,,,,,,,,,,,,,,,,,,,,,,,,,,,,,,,,,,,,,,,,,,,
Suzuki Tornado GX,1995,Scooter," 3.1  View the detailed rating of value for money, design and look, reliability, etc. Compare with any other bike.",100.0 ccm (6.10 cubic inches),"Single cylinder, two-stroke",,,2,4-speed,Single disc. Single Caliper,Expanding brake (drum brake),120.0 kg (264.6 pounds),,,Electric & kick,Liquid,120.0 km/h (74.6 mph),Standing valves,Chain   (final drive),5.50 litres (1.45 US gallons),Carburettor. Mikuni Carbo TR9,,Wet Sump,POSH DD Fork Blue Steel,Satria Monoshock,,,,,,,Digital,Auto Clutch,Single Steel Pipe w/ Chrome Muffler,,,30.00 seconds,Dual POSH,Black,,,,,,,,,,,,,,,,,,,,,,,,,,,,,
BMW K 75 RT,1995,Sport touring," 3.7  See the detailed rating of touring capabilities, reliability, accident risk, etc. Compare with any other motorbike.",740.0 ccm (45.15 cubic inches),"In-line three, four-stroke",75.0 HP (54.7  kW)) @ 8500 RPM,66.7 Nm (6.8 kgf-m or 49.2 ft.lbs) @ 6750 RPM,2,5-speed,Dual disc,Single disc,239.0 kg (526.9 pounds),0.3138 HP/kg,"810 mm (31.9 inches) If adjustable, lowest setting.",Electric,,,,,,,,,,,,,,,,,,,,,,,,,,,,,,,,,,,,,,,,,,,,,,,,,,,,,
Yamaha TDM 850,1995,Allround," 3.8  Check out the detailed rating of reliability, maintenance costs, value for money, etc. Compare with any other motorcycle.",849.0 ccm (51.81 cubic inches),"Twin, four-stroke",77.0 HP (56.2  kW)) @ 7500 RPM,79.4 Nm (8.1 kgf-m or 58.6 ft.lbs) @ 6000 RPM,5,5-speed,Dual disc,Single disc,199.0 kg (438.7 pounds),0.3869 HP/kg,"795 mm (31.3 inches) If adjustable, lowest setting.",Electric,,,,Chain   (final drive),,,,,,,,,,,,,,,,,,,,,,,,,,,,,,,,,,,,,,,,,,,,,,,,,
Moto Guzzi California 1100 Injection,1995,Custom / cruiser," 3.3  See the detailed rating of design and look, maintenance cost, engine performance, etc. Compare with any other bike.",1064.0 ccm (64.93 cubic inches),"V2, four-stroke",75.0 HP (54.7  kW)) @ 6400 RPM,91.2 Nm (9.3 kgf-m or 67.3 ft.lbs) @ 5000 RPM,2,5-speed,Dual disc,Single disc,245.0 kg (540.1 pounds),0.3061 HP/kg,"720 mm (28.3 inches) If adjustable, lowest setting.",Electric,Air,,,,,,,,,,,,,,,,,,,,,,,,,,,,,,,,,,,,,,,,,,,,,,,,,,,,
Harley-Davidson 1340 Electra Glide Classic,1995,Touring," 3.4  See the detailed rating of touring capabilities, reliability, accident risk, etc. Compare with any other motorbike.",1338.0 ccm (81.64 cubic inches),"V2, four-stroke",60.0 HP (43.8  kW)) @ 5000 RPM,94.1 Nm (9.6 kgf-m or 69.4 ft.lbs) @ 3600 RPM,2,5-speed,Dual disc,Single disc,336.0 kg (740.8 pounds),0.1786 HP/kg,"711 mm (28.0 inches) If adjustable, lowest setting.",Electric,Air,,,Belt   (final drive),,,,,,,,,,,,,,,,,,,,,,,,,,,,,,,,,,,,,,,,,,,,,,,,,
Harley-Davidson 1340 Softail Custom,1995,Custom / cruiser," 3.5  See the detailed rating of design and look, maintenance cost, engine performance, etc. Compare with any other bike.",1338.0 ccm (81.64 cubic inches),"V2, four-stroke",48.0 HP (35.0  kW)) @ 4900 RPM,86.3 Nm (8.8 kgf-m or 63.7 ft.lbs) @ 2400 RPM,2,5-speed,Single disc,Single disc,280.0 kg (617.3 pounds),0.1714 HP/kg,"678 mm (26.7 inches) If adjustable, lowest setting.",Electric,Air,,Overhead Valves (OHV),Belt   (final drive),16.00 litres (4.23 US gallons),Carburettor,,Dry sump,Telescopic forks,Dual shocks,140/90-16 ,140/90-16 ,,,8.5:1,88.8 x 108.0 mm (3.5 x 4.3 inches),Analogue CDI,"Dry, multiple discs, cable operated",,,292 mm (11.5 inches),,,,293.0 kg (646.0 pounds),2400 mm (94.5 inches),1638 mm (64.5 inches),2.80 litres (2.96 US quarts),SAE 20W-50,DOT 5 Silicone,NGK BPR5ES-11,1000  RPM,30 PSI (2.1 Bar or 210 kPa),36 PSI (2.5 Bar or 250 kPa),41 mm (1.6 inches),,,,,,,,,,,,,,,,,,
BMW R 100 R Classic,1995,Naked bike," 3.2  See the detailed rating of engine performance, design and look, accident risk, etc. Compare with any other motorcycle.",980.0 ccm (59.80 cubic inches),"Two cylinder boxer, four-stroke",60.0 HP (43.8  kW)) @ 6500 RPM,74.5 Nm (7.6 kgf-m or 55.0 ft.lbs) @ 3750 RPM,2,5-speed,Dual disc,Expanding brake,197.0 kg (434.3 pounds),0.3046 HP/kg,"800 mm (31.5 inches) If adjustable, lowest setting.",Electric,,,,,,,,,,,,,,,,,,,,,,,,,,,,,,,,,,,,,,,,,,,,,,,,,,,,,
Kawasaki ZX 6 R,1995,Sport," 3.8  Check out the detailed rating of racing track capabilities, engine performance, accident risk, etc. Compare with any other bike.",599.0 ccm (36.55 cubic inches),"In-line four, four-stroke",105.0 HP (76.6  kW)) @ 12500 RPM,63.7 Nm (6.5 kgf-m or 47.0 ft.lbs) @ 10000 RPM,4,6-speed,Dual disc,Single disc,182.0 kg (401.2 pounds),0.5769 HP/kg,"810 mm (31.9 inches) If adjustable, lowest setting.",Electric,Liquid,,,Chain   (final drive),,,,,,,,,,,,,,,,,,,,,,,,,,,,,,,,,,,,,,,,,,,,,,,,,
Yamaha XJ 900 S,1995,Sport touring," 3.6  See the detailed rating of touring capabilities, reliability, accident risk, etc. Compare with any other motorbike.",892.0 ccm (54.43 cubic inches),"In-line four, four-stroke",89.0 HP (65.0  kW)) @ 8250 RPM,77.5 Nm (7.9 kgf-m or 57.2 ft.lbs) @ 7000 RPM,2,5-speed,Dual disc,Single disc,239.0 kg (526.9 pounds),0.3724 HP/kg,"795 mm (31.3 inches) If adjustable, lowest setting.",Electric,,,,,,,,,,,,,,,,,,,,,,,,,,,,,,,,,,,,,,,,,,,,,,,,,,,,,
Husaberg FE 350 Elduro,1995,Enduro / offroad," 3.2  Check out the detailed rating of off-road capabilities, engine performance, maintenance cost, etc. Compare with any other bike.",349.0 ccm (21.30 cubic inches),"Single cylinder, four-stroke",41.0 HP (29.9  kW)),,4,6-speed,Single disc,Single disc,106.0 kg (233.7 pounds),0.3868 HP/kg,"950 mm (37.4 inches) If adjustable, lowest setting.",,Liquid,,,Chain   (final drive),,,,,,,,,,,,,,,,,,,,,,,,,,,,,,,,,,,,,,,,,,,,,,,,,
Triumph Daytona Super III,1995,Sport," 3.8  Check out the detailed rating of racing track capabilities, engine performance, accident risk, etc. Compare with any other bike.",885.0 ccm (54.00 cubic inches),"In-line three, four-stroke",115.0 HP (83.9  kW)) @ 9500 RPM,87.3 Nm (8.9 kgf-m or 64.4 ft.lbs) @ 8500 RPM,5,6-speed,Dual disc,Single disc,211.0 kg (465.2 pounds),0.5450 HP/kg,"790 mm (31.1 inches) If adjustable, lowest setting.",Electric,Liquid,,,Chain   (final drive),,,,,,,,,,,,,,,,,,,,,,,,,,,,,,,,,,,,,,,,,,,,,,,,,
Yamaha XV 250 Virago,1995,Custom / cruiser," 3.9  See the detailed rating of design and look, maintenance cost, engine performance, etc. Compare with any other bike.",248.0 ccm (15.13 cubic inches),"V2, four-stroke",21.0 HP (15.3  kW)) @ 8000 RPM,20.6 Nm (2.1 kgf-m or 15.2 ft.lbs) @ 6500 RPM,2,5-speed,Single disc,Expanding brake,137.0 kg (302.0 pounds),0.1533 HP/kg,"685 mm (27.0 inches) If adjustable, lowest setting.",,Air,,,,,,,,,,,,,,,,,,,,,,,,,,,,,,,,,,,,,,,,,,,,,,,,,,,,
MuZ Saxon Country 500,1995,Allround," 3.3  Check out the detailed rating of reliability, maintenance costs, value for money, etc. Compare with any other motorcycle.",494.0 ccm (30.14 cubic inches),"Single cylinder, four-stroke",34.0 HP (24.8  kW)) @ 7200 RPM,34.3 Nm (3.5 kgf-m or 25.3 ft.lbs) @ 6000 RPM,4,5-speed,Single disc,Expanding brake,147.0 kg (324.1 pounds),0.2313 HP/kg,"820 mm (32.3 inches) If adjustable, lowest setting.",,Air,,,,,,,,,,,,,,,,,,,,,,,,,,,,,,,,,,,,,,,,,,,,,,,,,,,,
MuZ Skorpion Sport 660,1995,Sport," 3.7  Check out the detailed rating of racing track capabilities, engine performance, accident risk, etc. Compare with any other bike.",660.0 ccm (40.27 cubic inches),"Single cylinder, four-stroke",48.0 HP (35.0  kW)) @ 6250 RPM,55.9 Nm (5.7 kgf-m or 41.2 ft.lbs) @ 5250 RPM,5,5-speed,Single disc,Single disc,170.0 kg (374.8 pounds),0.2824 HP/kg,"785 mm (30.9 inches) If adjustable, lowest setting.",,,,,Chain   (final drive),,,,,,,,,,,,,,,,,,,,,,,,,,,,,,,,,,,,,,,,,,,,,,,,,
Kawasaki VN 800 Vulcan,1995,Custom / cruiser," 3.5  See the detailed rating of design and look, maintenance cost, engine performance, etc. Compare with any other bike.",805.0 ccm (49.12 cubic inches),"V2, four-stroke",55.0 HP (40.1  kW)) @ 7000 RPM,62.8 Nm (6.4 kgf-m or 46.3 ft.lbs) @ 3300 RPM,4,5-speed,Single disc,Expanding brake,225.0 kg (496.0 pounds),0.2444 HP/kg,"735 mm (28.9 inches) If adjustable, lowest setting.",Electric,,,,,,,,,,,,,,,,,,,,,,,,,,,,,,,,,,,,,,,,,,,,,,,,,,,,,
BMW R 850,1995,Naked bike," 2.9  See the detailed rating of engine performance, design and look, accident risk, etc. Compare with any other motorcycle.",848.0 ccm (51.74 cubic inches),"Two cylinder boxer, four-stroke",70.0 HP (51.1  kW)) @ 7000 RPM,75.5 Nm (7.7 kgf-m or 55.7 ft.lbs) @ 5500 RPM,2,5-speed,Dual disc,Single disc,217.0 kg (478.4 pounds),0.3226 HP/kg,"780 mm (30.7 inches) If adjustable, lowest setting.",Electric,,,,,,,,,,,,,,,,,,,,,,,,,,,,,,,,,,,,,,,,,,,,,,,,,,,,,
Jawa 640 Black Style,1995,Naked bike," 3.5  See the detailed rating of engine performance, design and look, accident risk, etc. Compare with any other motorcycle.",344.0 ccm (20.99 cubic inches),"Twin, two-stroke",23.5 HP (17.2  kW)) @ 5250 RPM,31.4 Nm (3.2 kgf-m or 23.2 ft.lbs) @ 4750 RPM,,4-speed,Single disc,Expanding brake,150.0 kg (330.7 pounds),0.1567 HP/kg,"780 mm (30.7 inches) If adjustable, lowest setting.",,Air,,,Chain   (final drive),,,,,,,,,,,,,,,,,,,,,,,,,,,,,,,,,,,,,,,,,,,,,,,,,
Ducati SS 750 C,1995,Sport," 3.0  Check out the detailed rating of racing track capabilities, engine performance, accident risk, etc. Compare with any other bike.",748.0 ccm (45.64 cubic inches),"V2, four-stroke",66.0 HP (48.2  kW)) @ 8500 RPM,70.6 Nm (7.2 kgf-m or 52.1 ft.lbs) @ 6500 RPM,2,5-speed,Dual disc,Single disc,176.0 kg (388.0 pounds),0.3750 HP/kg,"770 mm (30.3 inches) If adjustable, lowest setting.",Electric,,,,Chain   (final drive),,,,,,,,,,,,,,,,,,,,,,,,,,,,,,,,,,,,,,,,,,,,,,,,,
Jawa 350 Chopper,1995,Custom / cruiser," 2.9  See the detailed rating of design and look, maintenance cost, engine performance, etc. Compare with any other bike.",344.0 ccm (20.99 cubic inches),"Twin, two-stroke",23.5 HP (17.2  kW)) @ 5250 RPM,31.4 Nm (3.2 kgf-m or 23.2 ft.lbs) @ 4750 RPM,,4-speed,Single disc,Expanding brake,147.0 kg (324.1 pounds),0.1599 HP/kg,"750 mm (29.5 inches) If adjustable, lowest setting.",,Air,,,Chain   (final drive),,,,,,,,,,,,,,,,,,,,,,,,,,,,,,,,,,,,,,,,,,,,,,,,,
BMW R 1100 RS,1995,Sport touring," 3.5  See the detailed rating of touring capabilities, reliability, accident risk, etc. Compare with any other motorbike.",1085.0 ccm (66.21 cubic inches),"Two cylinder boxer, four-stroke",90.0 HP (65.7  kW)) @ 7250 RPM,93.2 Nm (9.5 kgf-m or 68.7 ft.lbs) @ 5500 RPM,4,5-speed,Dual disc,Single disc,219.0 kg (482.8 pounds),0.4110 HP/kg,"800 mm (31.5 inches) If adjustable, lowest setting.",Electric,,,,Shaft drive (cardan)   (final drive),,,,,,,,,,,,,,,,,,,,,,,,,,,,,,,,,,,,,,,,,,,,,,,,,
BMW K 1100 LT,1995,Touring," 3.7  See the detailed rating of touring capabilities, reliability, accident risk, etc. Compare with any other motorbike.",1092.0 ccm (66.63 cubic inches),"In-line four, four-stroke",100.0 HP (73.0  kW)) @ 7500 RPM,104.9 Nm (10.7 kgf-m or 77.4 ft.lbs) @ 5500 RPM,4,5-speed,Dual disc,Single disc,270.0 kg (595.2 pounds),0.3704 HP/kg,"810 mm (31.9 inches) If adjustable, lowest setting.",Electric,,,,Shaft drive (cardan)   (final drive),,,,,,,,,,,,,,,,,,,,,,,,,,,,,,,,,,,,,,,,,,,,,,,,,
Suzuki GSX 600 FS,1995,Sport touring," 3.6  See the detailed rating of touring capabilities, reliability, accident risk, etc. Compare with any other motorbike.",600.0 ccm (36.61 cubic inches),"In-line four, four-stroke",86.0 HP (62.8  kW)) @ 11000 RPM,57.9 Nm (5.9 kgf-m or 42.7 ft.lbs) @ 9600 RPM,4,6-speed,,Single disc,198.0 kg (436.5 pounds),0.4343 HP/kg,"795 mm (31.3 inches) If adjustable, lowest setting.",Electric,,,,,,,,,,,,,,,,,,,,,,,,,,,,,,,,,,,,,,,,,,,,,,,,,,,,,
Suzuki RF 900 RS2,1995,Sport," 3.7  Check out the detailed rating of racing track capabilities, engine performance, accident risk, etc. Compare with any other bike.",937.0 ccm (57.18 cubic inches),"In-line four, four-stroke",125.0 HP (91.2  kW)) @ 10000 RPM,95.1 Nm (9.7 kgf-m or 70.1 ft.lbs) @ 9000 RPM,4,5-speed,Dual disc,Single disc,203.0 kg (447.5 pounds),0.6158 HP/kg,"805 mm (31.7 inches) If adjustable, lowest setting.",Electric,,,,Chain   (final drive),,,,,,,,,,,,,,,,,,,,,,,,,,,,,,,,,,,,,,,,,,,,,,,,,
Kawasaki ZZR-400,1995,Sport touring," 3.1  See the detailed rating of touring capabilities, reliability, accident risk, etc. Compare with any other motorbike.",399.0 ccm (24.35 cubic inches),"In-line four, four-stroke",53.0 HP (38.7  kW)) @ 11000 RPM,37.0 Nm (3.8 kgf-m or 27.3 ft.lbs) @ 9000 RPM,4,6-speed,Double disc,Single disc,197.0 kg (434.3 pounds),0.2690 HP/kg,"780 mm (30.7 inches) If adjustable, lowest setting.",Electric,Liquid,180.0 km/h (111.8 mph),Double Overhead Cams/Twin Cam (DOHC),Chain   (final drive),18.00 litres (4.76 US gallons),Carburettor. Keihin,1430 mm (56.3 inches),Wet sump,,,120/60-17 ,160/60-17 ,,14000,,57.0 x 38.0 mm (2.2 x 1.5 inches),Digital,,Double pipes,,,,,,,,,,,,,,,,,,,,,,,,,,,,,,,,,,
Yamaha FZR 1000,1995,Sport," 3.6  Check out the detailed rating of racing track capabilities, engine performance, accident risk, etc. Compare with any other bike.",1003.0 ccm (61.20 cubic inches),"In-line four, four-stroke",145.0 HP (105.8  kW)) @ 10000 RPM,106.9 Nm (10.9 kgf-m or 78.8 ft.lbs) @ 8500 RPM,5,5-speed,Dual disc,Single disc,214.0 kg (471.8 pounds),0.6776 HP/kg,"775 mm (30.5 inches) If adjustable, lowest setting.",Electric,,,,,,,,,,,,,,,,,,,,,,,,,,,,,,,,,,,,,,,,,,,,,,,,,,,,,
BMW R 100 RT,1995,Touring," 3.4  See the detailed rating of touring capabilities, reliability, accident risk, etc. Compare with any other motorbike.",979.0 ccm (59.74 cubic inches),"Two cylinder boxer, four-stroke",60.0 HP (43.8  kW)) @ 6500 RPM,72.6 Nm (7.4 kgf-m or 53.5 ft.lbs) @ 3500 RPM,2,5-speed,Dual disc,Expanding brake,214.0 kg (471.8 pounds),0.2804 HP/kg,"807 mm (31.8 inches) If adjustable, lowest setting.",Electric,,,,,,,,,,,,,,,,,,,,,,,,,,,,,,,,,,,,,,,,,,,,,,,,,,,,,
Honda VT 1100 ACE Shadow,1995,Custom / cruiser," 3.5  See the detailed rating of design and look, maintenance cost, engine performance, etc. Compare with any other bike.",1099.0 ccm (67.06 cubic inches),"V2, four-stroke",50.3 HP (36.7  kW)) @ 4500 RPM,88.3 Nm (9.0 kgf-m or 65.1 ft.lbs) @ 2500 RPM,3,5-speed,Single disc,Single disc,260.0 kg (573.2 pounds),0.1935 HP/kg,"730 mm (28.7 inches) If adjustable, lowest setting.",Electric,,,,,,,,,,,,,,,,,,,,,,,,,,,,,,,,,,,,,,,,,,,,,,,,,,,,,
Honda GL 1500 SE Gold Wing,1995,Touring," 3.8  See the detailed rating of touring capabilities, reliability, accident risk, etc. Compare with any other motorbike.",1520.0 ccm (92.75 cubic inches),"Six cylinder boxer, four-stroke",100.0 HP (73.0  kW)) @ 5200 RPM,150.0 Nm (15.3 kgf-m or 110.6 ft.lbs) @ 4000 RPM,2,5-speed,Dual disc,Single disc,368.0 kg (811.3 pounds),0.2717 HP/kg,"795 mm (31.3 inches) If adjustable, lowest setting.",Electric,Liquid,,,,,,,,,,,,,,,,,,,,,,,,,,,,,,,,,,,,,,,,,,,,,,,,,,,,
Voskhod 3M-01,1995,Classic," 3.8  See the detailed rating of design and look, engine performance, reliability, fun-factor, etc. Compare with any other bike.",173.7 ccm (10.60 cubic inches),"Single cylinder, two-stroke",14.0 HP (10.2  kW)) @ 5500 RPM,17.0 Nm (1.7 kgf-m or 12.5 ft.lbs) @ 5250 RPM,,4-speed,Expanding brake (drum brake),Expanding brake (drum brake),121.0 kg (266.8 pounds),0.1157 HP/kg,,,,105.0 km/h (65.2 mph),,Chain   (final drive),14.00 litres (3.70 US gallons),Carburettor. 26 mm,1300 mm (51.2 inches),,Telescopic fork,Swing arm with dual coil over shocks,3.25-16 ,3.25-16 ,,,9.5:1,,,,,,,,,,136.0 kg (299.8 pounds),2000 mm (78.7 inches),,,,,,,,,,4.20 litres/100 km (23.8 km/l or 56.00 mpg),97.4 CO2 g/km. (CO2 - Carbon dioxide emission) ,125 mm (4.9 inches),,,,,,,,,,,,,,,
BMW R 100 R Mystik,1995,Naked bike," 3.4  See the detailed rating of engine performance, design and look, accident risk, etc. Compare with any other motorcycle.",980.0 ccm (59.80 cubic inches),"Two cylinder boxer, four-stroke",60.0 HP (43.8  kW)) @ 6500 RPM,74.5 Nm (7.6 kgf-m or 55.0 ft.lbs) @ 3750 RPM,2,5-speed,Dual disc,Expanding brake,197.0 kg (434.3 pounds),0.3046 HP/kg,"800 mm (31.5 inches) If adjustable, lowest setting.",Electric,,,,,,,,,,,,,,,,,,,,,,,,,,,,,,,,,,,,,,,,,,,,,,,,,,,,,
Suzuki GSX 1100 F,1995,Sport touring," 3.4  See the detailed rating of touring capabilities, reliability, accident risk, etc. Compare with any other motorbike.",1128.0 ccm (68.83 cubic inches),"In-line four, four-stroke",136.0 HP (99.3  kW)) @ 9500 RPM,107.9 Nm (11.0 kgf-m or 79.6 ft.lbs) @ 7000 RPM,4,5-speed,Dual disc,Single disc,244.0 kg (537.9 pounds),0.5574 HP/kg,"795 mm (31.3 inches) If adjustable, lowest setting.",Electric,,,,,,,,,,,,,,,,,,,,,,,,,,,,,,,,,,,,,,,,,,,,,,,,,,,,,
Yamaha YZF 750 R,1995,Sport," 3.4  Check out the detailed rating of racing track capabilities, engine performance, accident risk, etc. Compare with any other bike.",749.0 ccm (45.70 cubic inches),"In-line four, four-stroke",125.0 HP (91.2  kW)) @ 12000 RPM,80.4 Nm (8.2 kgf-m or 59.3 ft.lbs) @ 9500 RPM,5,6-speed,Dual disc,Single disc,196.0 kg (432.1 pounds),0.6378 HP/kg,"770 mm (30.3 inches) If adjustable, lowest setting.",Electric,,,,Chain   (final drive),,,,,,,,,,,,,,,,,,,,,,,,,,,,,,,,,,,,,,,,,,,,,,,,,
KTM SXR 50,1995,"Minibike, sport"," 3.1  See the detailed rating of the fun-factor, engine performance, racing track capabilities, etc. Compare with any other bike.",50.0 ccm (3.05 cubic inches),"Single cylinder, two-stroke",,,,,,,,,,,Air,,,Chain   (final drive),,Carburettor,,,inverted forks,,,,,,,,,centrifugal,,,,,,,,,,,,,,,,,,,,,,,,,,,,,,,,,,,
Honda ST 1100 Pan European,1995,Touring," 3.4  See the detailed rating of touring capabilities, reliability, accident risk, etc. Compare with any other motorbike.",1084.0 ccm (66.15 cubic inches),"V4, four-stroke",100.0 HP (73.0  kW)) @ 7500 RPM,110.8 Nm (11.3 kgf-m or 81.7 ft.lbs) @ 6000 RPM,4,5-speed,Dual disc,Single disc,293.0 kg (646.0 pounds),0.3413 HP/kg,"795 mm (31.3 inches) If adjustable, lowest setting.",Electric,,,,,,,,,,,,,,,,,,,,,,,,,,,,,,,,,,,,,,,,,,,,,,,,,,,,,
Ducati SS 600 N,1995,Sport," 3.3  Check out the detailed rating of racing track capabilities, engine performance, accident risk, etc. Compare with any other bike.",583.0 ccm (35.57 cubic inches),"V2, four-stroke",53.0 HP (38.7  kW)) @ 8250 RPM,,2,5-speed,Single disc,Single disc,172.0 kg (379.2 pounds),0.3081 HP/kg,"770 mm (30.3 inches) If adjustable, lowest setting.",Electric,,,,Chain   (final drive),,,,,,,,,,,,,,,,,,,,,,,,,,,,,,,,,,,,,,,,,,,,,,,,,
CZ 180,1995,Enduro / offroad,Do you know this bike?Click here to rate it. We miss 1 vote to show the rating.,176.0 ccm (10.74 cubic inches),"Single cylinder, two-stroke",13.0 HP (9.5  kW)) @ 5500 RPM,,,4-speed,Single disc,Expanding brake,128.0 kg (282.2 pounds),0.1016 HP/kg,"780 mm (30.7 inches) If adjustable, lowest setting.",,,,,Chain   (final drive),,,,,,,,,,,,,,,,,,,,,,,,,,,,,,,,,,,,,,,,,,,,,,,,,
Moto Guzzi California 1100,1995,Custom / cruiser," 3.6  See the detailed rating of design and look, maintenance cost, engine performance, etc. Compare with any other bike.",1064.0 ccm (64.93 cubic inches),"V2, four-stroke",75.0 HP (54.7  kW)) @ 6400 RPM,91.2 Nm (9.3 kgf-m or 67.3 ft.lbs) @ 5000 RPM,2,5-speed,Dual disc,Single disc,245.0 kg (540.1 pounds),0.3061 HP/kg,"720 mm (28.3 inches) If adjustable, lowest setting.",Electric,Air,,,,,,,,,,,,,,,,,,,,,,,,,,,,,,,,,,,,,,,,,,,,,,,,,,,,
Harley-Davidson 1340 Softail Springer,1995,Custom / cruiser," 3.4  See the detailed rating of design and look, maintenance cost, engine performance, etc. Compare with any other bike.",1338.0 ccm (81.64 cubic inches),"V2, four-stroke",48.0 HP (35.0  kW)) @ 4900 RPM,86.3 Nm (8.8 kgf-m or 63.7 ft.lbs) @ 2400 RPM,2,5-speed,Single disc,Single disc,284.0 kg (626.1 pounds),0.1690 HP/kg,"663 mm (26.1 inches) If adjustable, lowest setting.",Electric,Air,,,Belt   (final drive),,,,,,,,,,,,,,,,,,,,,,,,,,,,,,,,,,,,,,,,,,,,,,,,,
Honda CB 1000 F,1995,Naked bike," 3.9  See the detailed rating of engine performance, design and look, accident risk, etc. Compare with any other motorcycle.",998.0 ccm (60.90 cubic inches),"In-line four, four-stroke",98.0 HP (71.5  kW)) @ 8500 RPM,84.3 Nm (8.6 kgf-m or 62.2 ft.lbs) @ 6000 RPM,4,5-speed,Dual disc,Single disc,236.0 kg (520.3 pounds),0.4153 HP/kg,"800 mm (31.5 inches) If adjustable, lowest setting.",Electric,Liquid,,,Chain   (final drive),,,,,,,,,,,,,,,,,,,,,,,,,,,,,,,,,,,,,,,,,,,,,,,,,
Honda GL 1500 Gold Wing Aspencade,1995,Touring," 3.7  See the detailed rating of touring capabilities, reliability, accident risk, etc. Compare with any other motorbike.",1520.0 ccm (92.75 cubic inches),"Six cylinder boxer, four-stroke",100.0 HP (73.0  kW)) @ 5200 RPM,150.0 Nm (15.3 kgf-m or 110.6 ft.lbs) @ 4000 RPM,2,5-speed,Dual disc,Single disc,366.0 kg (806.9 pounds),0.2732 HP/kg,"795 mm (31.3 inches) If adjustable, lowest setting.",Electric,Liquid,,,,,,,,,,,,,,,,,,,,,,,,,,,,,,,,,,,,,,,,,,,,,,,,,,,,
Moto Guzzi Quota 1000,1995,Enduro / offroad," 3.3  Check out the detailed rating of off-road capabilities, engine performance, maintenance cost, etc. Compare with any other bike.",950.0 ccm (57.97 cubic inches),"V2, four-stroke",70.0 HP (51.1  kW)) @ 6600 RPM,84.3 Nm (8.6 kgf-m or 62.2 ft.lbs) @ 5400 RPM,2,5-speed,Dual disc,Single disc,248.0 kg (546.7 pounds),0.2823 HP/kg,"850 mm (33.5 inches) If adjustable, lowest setting.",Electric,Air,,,,,,,,,,,,,,,,,,,,,,,,,,,,,,,,,,,,,,,,,,,,,,,,,,,,
Kawasaki ZXR 750,1995,Sport," 3.7  Check out the detailed rating of racing track capabilities, engine performance, accident risk, etc. Compare with any other bike.",749.0 ccm (45.70 cubic inches),"In-line four, four-stroke",121.0 HP (88.3  kW)) @ 11000 RPM,76.5 Nm (7.8 kgf-m or 56.4 ft.lbs) @ 10000 RPM,4,6-speed,Dual disc,Single disc,205.0 kg (451.9 pounds),0.5902 HP/kg,"800 mm (31.5 inches) If adjustable, lowest setting.",Electric,Liquid,,,Chain   (final drive),,,,,,,,,,,,,,,,,,,,,,,,,,,,,,,,,,,,,,,,,,,,,,,,,
Harley-Davidson 1340 Softail Fat Boy,1995,Custom / cruiser," 3.3  See the detailed rating of design and look, maintenance cost, engine performance, etc. Compare with any other bike.",1338.0 ccm (81.64 cubic inches),"V2, four-stroke",48.0 HP (35.0  kW)) @ 4900 RPM,86.3 Nm (8.8 kgf-m or 63.7 ft.lbs) @ 2400 RPM,2,5-speed,Single disc,Single disc,295.0 kg (650.4 pounds),0.1627 HP/kg,"673 mm (26.5 inches) If adjustable, lowest setting.",Electric,Air,,,Belt   (final drive),,,,,,,,,,,,,,,,,,,,,,,,,,,,,,,,,,,,,,,,,,,,,,,,,
Harley-Davidson 1340 Heritage Softail Special,1995,Custom / cruiser," 3.7  See the detailed rating of design and look, maintenance cost, engine performance, etc. Compare with any other bike.",1338.0 ccm (81.64 cubic inches),"V2, four-stroke",48.0 HP (35.0  kW)) @ 4900 RPM,86.3 Nm (8.8 kgf-m or 63.7 ft.lbs) @ 2400 RPM,2,5-speed,Single disc,Single disc,322.0 kg (709.9 pounds),0.1491 HP/kg,"673 mm (26.5 inches) If adjustable, lowest setting.",Electric,Air,,,Belt   (final drive),,,,,,,,,,,,,,,,,,,,,,,,,,,,,,,,,,,,,,,,,,,,,,,,,
MuZ Silver Star Classic 500,1995,Naked bike," 3.2  See the detailed rating of engine performance, design and look, accident risk, etc. Compare with any other motorcycle.",494.0 ccm (30.14 cubic inches),"Single cylinder, four-stroke",34.0 HP (24.8  kW)) @ 7200 RPM,34.3 Nm (3.5 kgf-m or 25.3 ft.lbs) @ 6000 RPM,4,5-speed,Single disc,Expanding brake,146.0 kg (321.9 pounds),0.2329 HP/kg,"750 mm (29.5 inches) If adjustable, lowest setting.",,Air,,,,,,,,,,,,,,,,,,,,,,,,,,,,,,,,,,,,,,,,,,,,,,,,,,,,
Yamaha FZR 600 R,1995,Sport," 3.7  Check out the detailed rating of racing track capabilities, engine performance, accident risk, etc. Compare with any other bike.",598.0 ccm (36.49 cubic inches),"In-line four, four-stroke",98.0 HP (71.5  kW)) @ 11500 RPM,65.7 Nm (6.7 kgf-m or 48.5 ft.lbs) @ 9500 RPM,4,6-speed,Dual disc,Single disc,185.0 kg (407.9 pounds),0.5297 HP/kg,"795 mm (31.3 inches) If adjustable, lowest setting.",Electric,,,,Chain   (final drive),,,,,,,,,,,,,,,,,,,,,,,,,,,,,,,,,,,,,,,,,,,,,,,,,
CZ 180 Roland,1995,Enduro / offroad," 3.4  Check out the detailed rating of off-road capabilities, engine performance, maintenance cost, etc. Compare with any other bike.",176.0 ccm (10.74 cubic inches),"Single cylinder, two-stroke",13.0 HP (9.5  kW)) @ 5500 RPM,,,4-speed,Single disc,Expanding brake,130.0 kg (286.6 pounds),0.1000 HP/kg,"780 mm (30.7 inches) If adjustable, lowest setting.",,,,,Chain   (final drive),,,,,,,,,,,,,,,,,,,,,,,,,,,,,,,,,,,,,,,,,,,,,,,,,
Kawasaki VN 1500 Vulcan,1995,Custom / cruiser," 3.6  See the detailed rating of design and look, maintenance cost, engine performance, etc. Compare with any other bike.",1470.0 ccm (89.70 cubic inches),"V2, four-stroke",61.0 HP (44.5  kW)) @ 4300 RPM,110.8 Nm (11.3 kgf-m or 81.7 ft.lbs) @ 3300 RPM,4,4-speed,Single disc,Single disc,257.0 kg (566.6 pounds),0.2374 HP/kg,"750 mm (29.5 inches) If adjustable, lowest setting.",Electric,,,,,,,,,,,,,,,,,,,,,,,,,,,,,,,,,,,,,,,,,,,,,,,,,,,,,
Yamaha XTZ 660 Ténéré,1995,Enduro / offroad," 3.5  Check out the detailed rating of off-road capabilities, engine performance, maintenance cost, etc. Compare with any other bike.",659.0 ccm (40.21 cubic inches),"Single cylinder, four-stroke",48.0 HP (35.0  kW)) @ 6250 RPM,56.9 Nm (5.8 kgf-m or 42.0 ft.lbs) @ 5250 RPM,5,5-speed,Single disc,Single disc,171.0 kg (377.0 pounds),0.2807 HP/kg,"865 mm (34.1 inches) If adjustable, lowest setting.",,,,,Chain   (final drive),,,,,,,,,,,,,,,,,,,,,,,,,,,,,,,,,,,,,,,,,,,,,,,,,
Suzuki DR 350 S,1995,Enduro / offroad," 3.4  Check out the detailed rating of off-road capabilities, engine performance, maintenance cost, etc. Compare with any other bike.",349.0 ccm (21.30 cubic inches),"Single cylinder, four-stroke",30.0 HP (21.9  kW)) @ 8750 RPM,29.0 Nm (3.0 kgf-m or 21.4 ft.lbs) @ 6200 RPM,2,6-speed,Single disc,Single disc,118.0 kg (260.1 pounds),0.2542 HP/kg,"890 mm (35.0 inches) If adjustable, lowest setting.",Kick,Air,130.0 km/h (80.8 mph),Overhead Cams (OHC),Chain   (final drive),9.00 litres (2.38 US gallons),Carburettor. Mikuni BST 33 SS,1435 mm (56.5 inches),,Telescopic fork,Monoshock,80/100-21  51P ,110/90-18  61P ,,,9.5:1,79.0 x 71.2 mm (3.1 x 2.8 inches),Digital CDI,Wet plates,,28.0°,220 mm (8.7 inches),,"Diamond, steel ",,,2235 mm (88.0 inches),885 mm (34.8 inches),2.10 litres (2.22 US quarts),,,,,,,,,,290 mm (11.4 inches),280 mm (11.0 inches),254 mm (10.0 inches),1245 mm (49.0 inches),1.50 litres (0.40 US gallons),,,,,,,,,,,
Harley-Davidson 1340 Dyna Convertible,1995,Custom / cruiser," 3.6  See the detailed rating of design and look, maintenance cost, engine performance, etc. Compare with any other bike.",1338.0 ccm (81.64 cubic inches),"V2, four-stroke",48.0 HP (35.0  kW)) @ 4900 RPM,86.3 Nm (8.8 kgf-m or 63.7 ft.lbs) @ 2400 RPM,2,5-speed,Dual disc,Single disc,282.0 kg (621.7 pounds),0.1702 HP/kg,"699 mm (27.5 inches) If adjustable, lowest setting.",Electric,Air,,,Belt   (final drive),,,,,,,,,,,,,,,,,,,,,,,,,,,,,,,,,,,,,,,,,,,,,,,,,
Harley-Davidson 1340 Electra Glide Ultra Classic,1995,Touring," 3.4  See the detailed rating of touring capabilities, reliability, accident risk, etc. Compare with any other motorbike.",1338.0 ccm (81.64 cubic inches),"V2, four-stroke",60.0 HP (43.8  kW)) @ 5500 RPM,94.1 Nm (9.6 kgf-m or 69.4 ft.lbs) @ 3600 RPM,2,5-speed,Dual disc,Single disc,347.0 kg (765.0 pounds),0.1729 HP/kg,"711 mm (28.0 inches) If adjustable, lowest setting.",Electric,Air,,,Belt   (final drive),,,,,,,,,,,,,,,,,,,,,,,,,,,,,,,,,,,,,,,,,,,,,,,,,
Harley-Davidson 1340 Dyna Wide Glide,1995,Custom / cruiser," 3.6  See the detailed rating of design and look, maintenance cost, engine performance, etc. Compare with any other bike.",1338.0 ccm (81.64 cubic inches),"V2, four-stroke",48.0 HP (35.0  kW)) @ 4900 RPM,86.3 Nm (8.8 kgf-m or 63.7 ft.lbs) @ 2400 RPM,2,5-speed,Single disc,Single disc,272.0 kg (599.7 pounds),0.1765 HP/kg,"755 mm (29.7 inches) If adjustable, lowest setting.",Electric,Air,,,Belt   (final drive),,,,,,,,,,,,,,,,,,,,,,,,,,,,,,,,,,,,,,,,,,,,,,,,,
Ural Solo,1995,Classic," 3.1  See the detailed rating of design and look, engine performance, reliability, fun-factor, etc. Compare with any other bike.",649.0 ccm (39.60 cubic inches),"Two cylinder boxer, four-stroke",23.5 HP (17.2  kW)) @ 5800 RPM,40.2 Nm (4.1 kgf-m or 29.7 ft.lbs) @ 5100 RPM,2,4-speed,Expanding brake,Expanding brake,182.0 kg (401.2 pounds),0.1291 HP/kg,"810 mm (31.9 inches) If adjustable, lowest setting.",,Air,,,,,,,,,,,,,,,,,,,,,,,,,,,,,,,,,,,,,,,,,,,,,,,,,,,,
Suzuki VX 800,1995,Naked bike," 3.8  See the detailed rating of engine performance, design and look, accident risk, etc. Compare with any other motorcycle.",805.0 ccm (49.12 cubic inches),"V2, four-stroke",63.0 HP (46.0  kW)) @ 6500 RPM,73.6 Nm (7.5 kgf-m or 54.3 ft.lbs) @ 5500 RPM,4,5-speed,Single disc,Single disc,213.0 kg (469.6 pounds),0.2958 HP/kg,"785 mm (30.9 inches) If adjustable, lowest setting.",Electric,,,,,,,,,,,,,,,,,,,,,,,,,,,,,,,,,,,,,,,,,,,,,,,,,,,,,
Yamaha SR 500,1995,Classic," 3.8  See the detailed rating of design and look, engine performance, reliability, fun-factor, etc. Compare with any other bike.",499.0 ccm (30.45 cubic inches),"Single cylinder, four-stroke",23.5 HP (17.2  kW)) @ 6000 RPM,36.3 Nm (3.7 kgf-m or 26.8 ft.lbs) @ 3500 RPM,2,5-speed,Expanding brake,Expanding brake,170.0 kg (374.8 pounds),0.1382 HP/kg,"810 mm (31.9 inches) If adjustable, lowest setting.",Kick,Air,,,Chain   (final drive),,,,,,,,,,,,,,,,,,,,,,,,,,,,,,,,,,,,,,,,,,,,,,,,,
Ural Classic,1995,Classic," 2.9  See the detailed rating of design and look, engine performance, reliability, fun-factor, etc. Compare with any other bike.",649.0 ccm (39.60 cubic inches),"Two cylinder boxer, four-stroke",23.5 HP (17.2  kW)) @ 5800 RPM,40.2 Nm (4.1 kgf-m or 29.7 ft.lbs) @ 5100 RPM,2,4-speed,Expanding brake,Expanding brake,310.0 kg (683.4 pounds),0.0758 HP/kg,"810 mm (31.9 inches) If adjustable, lowest setting.",,Air,,,,,,,,,,,,Comes with sidecar.,,,,,,,,,,,,,,,,,,,,,,,,,,,,,,,,,,,,,,,,
Yamaha FJ 1200 ABS,1995,Sport touring," 3.3  See the detailed rating of touring capabilities, reliability, accident risk, etc. Compare with any other motorbike.",1188.0 ccm (72.49 cubic inches),"In-line four, four-stroke",125.0 HP (91.2  kW)) @ 9000 RPM,107.9 Nm (11.0 kgf-m or 79.6 ft.lbs) @ 7500 RPM,4,5-speed,Dual disc,Single disc,248.0 kg (546.7 pounds),0.5040 HP/kg,"790 mm (31.1 inches) If adjustable, lowest setting.",Electric,,,,,,,,,,,,,,,,,,,,,,,,,,,,,,,,,,,,,,,,,,,,,,,,,,,,,
Yamaha FJ 1200,1995,Sport touring," 3.9  See the detailed rating of touring capabilities, reliability, accident risk, etc. Compare with any other motorbike.",1188.0 ccm (72.49 cubic inches),"In-line four, four-stroke",125.0 HP (91.2  kW)) @ 9000 RPM,107.9 Nm (11.0 kgf-m or 79.6 ft.lbs) @ 7500 RPM,,5-speed,Double disc,Single disc,245.0 kg (540.1 pounds),0.5102 HP/kg,"790 mm (31.1 inches) If adjustable, lowest setting.",Electric,Oil & air,244.3 km/h (151.8 mph),Overhead Cams (OHC),,22.00 litres (5.81 US gallons),"Carburettor. Mikuni, 36 mm",1490 mm (58.7 inches),Wet sump,Telescopic with 3-way preload and damping adjustment,Monocross monoshock 5-way preload and 5-way damping  	adjustment,120/70-17 ,150/80-16 ,,,9.7:1,77.0 x 63.8 mm (3.0 x 2.5 inches),TCI (Transistor Controlled Ignition),"Wet, multiple discs, hydraulic operated",,,282 mm (11.1 inches),,"Steel, twin spar","Blue/white, red/white",259.0 kg (571.0 pounds),,,4.20 litres (4.44 US quarts),SAE 20W-40,DOT 4,"NGK DPR8EA-9, NGK DPR8EIX-9",950-1050  RPM,33 PSI (2.3 Bar or 230 kPa),38 PSI (2.6 Bar or 260 kPa),,6.90 litres/100 km (14.5 km/l or 34.09 mpg),160.1 CO2 g/km. (CO2 - Carbon dioxide emission) ,140 mm (5.5 inches),,,,,K & N  KN-401,YB14L-A2,530,110,17/40 (front/rear),,,,,,
Kawasaki KLR 650,1995,Enduro / offroad," 3.5  Check out the detailed rating of off-road capabilities, engine performance, maintenance cost, etc. Compare with any other bike.",651.0 ccm (39.72 cubic inches),"Single cylinder, four-stroke",42.0 HP (30.7  kW)) @ 7000 RPM,46.1 Nm (4.7 kgf-m or 34.0 ft.lbs) @ 5000 RPM,4,5-speed,Single disc,Single disc,168.0 kg (370.4 pounds),0.2500 HP/kg,"870 mm (34.3 inches) If adjustable, lowest setting.",,,,,Chain   (final drive),,,,,,,,,,,,,,,,,,,,,,,,,,,,,,,,,,,,,,,,,,,,,,,,,
Moto Guzzi Sport 1100,1995,Sport," 2.4  Check out the detailed rating of racing track capabilities, engine performance, accident risk, etc. Compare with any other bike.",1064.0 ccm (64.93 cubic inches),"V2, four-stroke",90.0 HP (65.7  kW)) @ 7800 RPM,96.1 Nm (9.8 kgf-m or 70.9 ft.lbs) @ 6000 RPM,2,5-speed,Dual disc,Single disc,200.0 kg (440.9 pounds),0.4500 HP/kg,"730 mm (28.7 inches) If adjustable, lowest setting.",Electric,Air,,,,,,,,,,,,,,,,,,,,,,,,,,,,,,,,,,,,,,,,,,,,,,,,,,,,
Bimota SB 6,1995,Sport," 3.3  Check out the detailed rating of racing track capabilities, engine performance, accident risk, etc. Compare with any other bike.",1074.0 ccm (65.54 cubic inches),"In-line four, four-stroke",156.0 HP (113.9  kW)) @ 10000 RPM,126.5 Nm (12.9 kgf-m or 93.3 ft.lbs) @ 9000 RPM,,5-speed,Dual disc,Single disc,215.0 kg (474.0 pounds),0.7256 HP/kg,,Electric,,,,Chain   (final drive),,,,,,,,,,,,,,,,,,,,,,,,,,,,,,,,,,,,,,,,,,,,,,,,,
Ducati SS 900 C,1995,Sport," 3.6  Check out the detailed rating of racing track capabilities, engine performance, accident risk, etc. Compare with any other bike.",904.0 ccm (55.16 cubic inches),"V2, four-stroke",80.0 HP (58.4  kW)) @ 7000 RPM,83.4 Nm (8.5 kgf-m or 61.5 ft.lbs) @ 6400 RPM,2,6-speed,Dual disc,Single disc,186.0 kg (410.1 pounds),0.4301 HP/kg,"780 mm (30.7 inches) If adjustable, lowest setting.",Electric,,,,Chain   (final drive),,,,,,,,,,,,,,,,,,,,,,,,,,,,,,,,,,,,,,,,,,,,,,,,,
KTM EXC 300,1995,Enduro / offroad," 3.7  Check out the detailed rating of off-road capabilities, engine performance, maintenance cost, etc. Compare with any other bike.",297.0 ccm (18.12 cubic inches),"Single cylinder, two-stroke",,,,,,Single disc. Single piston caliper,112.0 kg (246.9 pounds),,"945 mm (37.2 inches) If adjustable, lowest setting.",,Liquid,,,Chain   (final drive),,Carburettor. Keihin PWK 39,1480 mm (58.3 inches),,,Monoshock,90/90-21 ,140/80-18 ,,,,69.5 x 73.0 mm (2.7 x 2.9 inches),SEM K11,Wet Plate,,27.5°,220 mm (8.7 inches),,CrMo steel,,,,,,,,,,,,,,,385 mm (15.2 inches),300 mm (11.8 inches),320 mm (12.6 inches),,,,,,,,,,,,,
Kawasaki GPZ 1100,1995,Sport," 3.6  Check out the detailed rating of racing track capabilities, engine performance, accident risk, etc. Compare with any other bike.",1052.0 ccm (64.19 cubic inches),"In-line four, four-stroke",130.0 HP (94.9  kW)) @ 9500 RPM,98.1 Nm (10.0 kgf-m or 72.4 ft.lbs) @ 7000 RPM,4,6-speed,Dual disc,Single disc,242.0 kg (533.5 pounds),0.5372 HP/kg,"790 mm (31.1 inches) If adjustable, lowest setting.",Electric,,,,Chain   (final drive),,,,,,,,,,,,,,,,,,,,,,,,,,,,,,,,,,,,,,,,,,,,,,,,,
Kawasaki ZZR 600,1995,Sport touring," 3.7  See the detailed rating of touring capabilities, reliability, accident risk, etc. Compare with any other motorbike.",599.0 ccm (36.55 cubic inches),"In-line four, four-stroke",100.0 HP (73.0  kW)) @ 11500 RPM,62.8 Nm (6.4 kgf-m or 46.3 ft.lbs) @ 9500 RPM,4,6-speed,Dual disc,Single disc,195.0 kg (429.9 pounds),0.5128 HP/kg,"780 mm (30.7 inches) If adjustable, lowest setting.",Electric,,,,Chain   (final drive),,,,,,,,,,,,,,,,,,,,,,,,,,,,,,,,,,,,,,,,,,,,,,,,,
Triumph Thunderbird,1995,Classic," 4.0  See the detailed rating of design and look, engine performance, reliability, fun-factor, etc. Compare with any other bike.",885.0 ccm (54.00 cubic inches),"In-line three, four-stroke",70.0 HP (51.1  kW)) @ 8000 RPM,70.6 Nm (7.2 kgf-m or 52.1 ft.lbs) @ 4800 RPM,4,5-speed,Single disc,Single disc,220.0 kg (485.0 pounds),0.3182 HP/kg,"750 mm (29.5 inches) If adjustable, lowest setting.",Electric,Liquid,,,Chain   (final drive),,,,,,,,,,,,,,,,,,,,,,,,,,,,,,,,,,,,,,,,,,,,,,,,,
Harley-Davidson 883 Sportster Hugger,1995,Custom / cruiser," 3.4  See the detailed rating of design and look, maintenance cost, engine performance, etc. Compare with any other bike.",883.0 ccm (53.88 cubic inches),"V2, four-stroke",42.0 HP (30.7  kW)) @ 5600 RPM,58.8 Nm (6.0 kgf-m or 43.4 ft.lbs) @ 4400 RPM,2,5-speed,Single disc,Single disc,220.0 kg (485.0 pounds),0.1909 HP/kg,"680 mm (26.8 inches) If adjustable, lowest setting.",Electric,Air,,,Belt   (final drive),,,,,,,,,,,,,,,,,,,,,,,,,,,,,,,,,,,,,,,,,,,,,,,,,
Honda CR 250 R,1995,Cross / motocross," 3.2  Check out the detailed rating of off-road capabilities, engine performance, maintenance cost, etc. Compare with any other bike.",250.0 ccm (15.26 cubic inches),"Single cylinder, two-stroke",59.0 HP (43.1  kW)) @ 8500 RPM,51.0 Nm (5.2 kgf-m or 37.6 ft.lbs) @ 8000 RPM,2,5-speed,Single disc. 2 piston calliper,Single disc. Single piston,96.4 kg (212.5 pounds),0.6120 HP/kg,"952 mm (37.5 inches) If adjustable, lowest setting.",Kick,Liquid,140.0 km/h (87.0 mph),,Chain   (final drive),10.00 litres (2.64 US gallons),Carburettor. Keihin 38mm Flatside PWK Carburator,1482 mm (58.3 inches),,Kayaba inverted forks,Pro LInk showa  single shock,80/100-21 ,110/90-19 ,,8500,8.5:1,66.4 x 72.0 mm (2.6 x 2.8 inches),CDI,Wet Multiple Plate,,26.5°,240 mm (9.4 inches),,Crome Molly,"Red/White/Purple, Black/Red/White",,2173 mm (85.6 inches),823 mm (32.4 inches),,Honda GN4 10W-40,,,,,,,,,345 mm (13.6 inches),315 mm (12.4 inches),320 mm (12.6 inches),1263 mm (49.7 inches),,,,520,110,14/49 (front/rear),Reed valve. ,107 mm (4.2 inches),,,,
Kawasaki ZZR 1100,1995,Sport touring," 3.8  See the detailed rating of touring capabilities, reliability, accident risk, etc. Compare with any other motorbike.",1152.0 ccm (70.30 cubic inches),"In-line four, four-stroke",150.0 HP (109.5  kW)) @ 10500 RPM,107.9 Nm (11.0 kgf-m or 79.6 ft.lbs) @ 8500 RPM,4,6-speed,Dual disc,Single disc,233.0 kg (513.7 pounds),0.6438 HP/kg,"780 mm (30.7 inches) If adjustable, lowest setting.",Electric,Liquid,,,Chain   (final drive),,,,,,,,,,,,,,,,,,,,,,,,,,,,,,,,,,,,,,,,,,,,,,,,,
Moto Guzzi Nevada 750,1995,Custom / cruiser," 3.5  See the detailed rating of design and look, maintenance cost, engine performance, etc. Compare with any other bike.",743.0 ccm (45.34 cubic inches),"V2, four-stroke",46.0 HP (33.6  kW)) @ 6600 RPM,68.6 Nm (7.0 kgf-m or 50.6 ft.lbs) @ 3200 RPM,2,5-speed,Dual disc,Single disc,170.0 kg (374.8 pounds),0.2706 HP/kg,"700 mm (27.6 inches) If adjustable, lowest setting.",Electric,Air,,,,,,,,,,,,,,,,,,,,,,,,,,,,,,,,,,,,,,,,,,,,,,,,,,,,
Yamaha XV 750 Virago,1995,Custom / cruiser," 3.7  See the detailed rating of design and look, maintenance cost, engine performance, etc. Compare with any other bike.",748.0 ccm (45.64 cubic inches),"V2, four-stroke",54.0 HP (39.4  kW)) @ 7000 RPM,57.9 Nm (5.9 kgf-m or 42.7 ft.lbs) @ 6000 RPM,2,5-speed,Dual disc,Expanding brake,219.0 kg (482.8 pounds),0.2466 HP/kg,"715 mm (28.1 inches) If adjustable, lowest setting.",Electric,Air,,,Shaft drive (cardan)   (final drive),,,,,,,,,,,,,,,,,,,,,,,,,,,,,,,,,,,,,,,,,,,,,,,,,
Jawa 640 White Style,1995,Sport," 3.2  Check out the detailed rating of racing track capabilities, engine performance, accident risk, etc. Compare with any other bike.",344.0 ccm (20.99 cubic inches),"Twin, two-stroke",23.5 HP (17.2  kW)) @ 5250 RPM,31.4 Nm (3.2 kgf-m or 23.2 ft.lbs) @ 4750 RPM,,4-speed,Single disc,Expanding brake,150.0 kg (330.7 pounds),0.1567 HP/kg,"750 mm (29.5 inches) If adjustable, lowest setting.",,Air,,,Chain   (final drive),,,,,,,,,,,,,,,,,,,,,,,,,,,,,,,,,,,,,,,,,,,,,,,,,
Suzuki GSX-R 750 WS,1995,Sport," 3.8  Check out the detailed rating of racing track capabilities, engine performance, accident risk, etc. Compare with any other bike.",750.0 ccm (45.77 cubic inches),"In-line four, four-stroke",118.0 HP (86.1  kW)) @ 11500 RPM,78.5 Nm (8.0 kgf-m or 57.9 ft.lbs) @ 9000 RPM,4,6-speed,Dual disc,Single disc,199.0 kg (438.7 pounds),0.5930 HP/kg,"800 mm (31.5 inches) If adjustable, lowest setting.",Electric,Liquid,,,Chain   (final drive),,,,,,,,,,,,,,,,,,,,,,,,,,,,,,,,,,,,,,,,,,,,,,,,,
BMW R 1100 GS,1995,Enduro / offroad," 3.5  Check out the detailed rating of off-road capabilities, engine performance, maintenance cost, etc. Compare with any other bike.",1085.0 ccm (66.21 cubic inches),"Two cylinder boxer, four-stroke",80.0 HP (58.4  kW)) @ 6750 RPM,95.1 Nm (9.7 kgf-m or 70.1 ft.lbs) @ 5250 RPM,4,5-speed,Dual disc,Single disc,222.0 kg (489.4 pounds),0.3604 HP/kg,"850 mm (33.5 inches) If adjustable, lowest setting.",Electric,,,,Shaft drive (cardan)   (final drive),,,,,,,,,,,,,,,,,,,,,,,,,,,,,,,,,,,,,,,,,,,,,,,,,
BMW F 650,1995,Enduro / offroad," 3.5  Check out the detailed rating of off-road capabilities, engine performance, maintenance cost, etc. Compare with any other bike.",652.0 ccm (39.79 cubic inches),"Single cylinder, four-stroke",48.0 HP (35.0  kW)) @ 6500 RPM,55.9 Nm (5.7 kgf-m or 41.2 ft.lbs) @ 5200 RPM,4,5-speed,Single disc,,189.0 kg (416.7 pounds),0.2540 HP/kg,"810 mm (31.9 inches) If adjustable, lowest setting.",,,,,,,,,,,,,,,,,,,,,,,,,,,,,,,,,,,,,,,,,,,,,,,,,,,,,,
Ducati 916 Biposto,1995,Sport," 3.3  Check out the detailed rating of racing track capabilities, engine performance, accident risk, etc. Compare with any other bike.",916.0 ccm (55.89 cubic inches),"V2, four-stroke",114.0 HP (83.2  kW)) @ 9000 RPM,,4,6-speed,Dual disc,Single disc,204.0 kg (449.7 pounds),0.5588 HP/kg,"790 mm (31.1 inches) If adjustable, lowest setting.",Electric,,,,Chain   (final drive),,,,,,,,,,,,,,,,,,,,,,,,,,,,,,,,,,,,,,,,,,,,,,,,,
Suzuki VS 1400 Intruder,1995,Custom / cruiser," 3.5  See the detailed rating of design and look, maintenance cost, engine performance, etc. Compare with any other bike.",1360.0 ccm (82.99 cubic inches),"V2, four-stroke",61.0 HP (44.5  kW)) @ 4800 RPM,112.8 Nm (11.5 kgf-m or 83.2 ft.lbs) @ 3200 RPM,3,5-speed,Single disc,Single disc,243.0 kg (535.7 pounds),0.2510 HP/kg,"725 mm (28.5 inches) If adjustable, lowest setting.",Electric,Oil & air,,,Shaft drive (cardan)   (final drive),,,,,,,,,,,,,,,,,,,,,,,,,,,,,,,,,,,,,,,,,,,,,,,,,
Ducati Monster 600,1995,Naked bike," 3.5  See the detailed rating of engine performance, design and look, accident risk, etc. Compare with any other motorcycle.",583.0 ccm (35.57 cubic inches),"V2, four-stroke",53.0 HP (38.7  kW)) @ 8250 RPM,,2,5-speed,Single disc,Single disc,175.0 kg (385.8 pounds),0.3029 HP/kg,"770 mm (30.3 inches) If adjustable, lowest setting.",Electric,Air,,,Chain   (final drive),,,,,,,,,,,,,,,,,,,,,,,,,,,,,,,,,,,,,,,,,,,,,,,,,
Yamaha GTS 1000,1995,Sport touring," 3.7  See the detailed rating of touring capabilities, reliability, accident risk, etc. Compare with any other motorbike.",1003.0 ccm (61.20 cubic inches),"In-line four, four-stroke",100.0 HP (73.0  kW)) @ 9000 RPM,105.9 Nm (10.8 kgf-m or 78.1 ft.lbs) @ 6500 RPM,5,5-speed,Single disc,Single disc,248.0 kg (546.7 pounds),0.4032 HP/kg,"790 mm (31.1 inches) If adjustable, lowest setting.",Electric,,,,,,,,,,,,,,,,,,,,,,,,,,,,,,,,,,,,,,,,,,,,,,,,,,,,,
BMW K 75,1995,Naked bike," 3.8  See the detailed rating of engine performance, design and look, accident risk, etc. Compare with any other motorcycle.",740.0 ccm (45.15 cubic inches),"In-line three, four-stroke",75.0 HP (54.7  kW)) @ 8500 RPM,66.7 Nm (6.8 kgf-m or 49.2 ft.lbs) @ 6750 RPM,2,5-speed,Dual disc,Single disc,227.0 kg (500.4 pounds),0.3304 HP/kg,"760 mm (29.9 inches) If adjustable, lowest setting.",,,,,,,,,,,,,,,,,,,,,,,,,,,,,,,,,,,,,,,,,,,,,,,,,,,,,,
Ducati M 900 Monster,1995,Naked bike," 3.5  See the detailed rating of engine performance, design and look, accident risk, etc. Compare with any other motorcycle.",904.0 ccm (55.16 cubic inches),"V2, four-stroke",80.0 HP (58.4  kW)) @ 7200 RPM,,4,6-speed,Dual disc,Single disc,185.0 kg (407.9 pounds),0.4324 HP/kg,"770 mm (30.3 inches) If adjustable, lowest setting.",Electric,,,,Chain   (final drive),,,,,,,,,,,,,,,,,,,,,,,,,,,,,,,,,,,,,,,,,,,,,,,,,
Ducati 900 Superlight,1995,Sport," 3.1  Check out the detailed rating of racing track capabilities, engine performance, accident risk, etc. Compare with any other bike.",904.0 ccm (55.16 cubic inches),"V2, four-stroke",80.0 HP (58.4  kW)) @ 7000 RPM,83.4 Nm (8.5 kgf-m or 61.5 ft.lbs) @ 6400 RPM,2,6-speed,Dual disc,Single disc,182.0 kg (401.2 pounds),0.4396 HP/kg,"750 mm (29.5 inches) If adjustable, lowest setting.",Electric,,,,Chain   (final drive),,,,,,,,,,,,,,,,,,,,,,,,,,,,,,,,,,,,,,,,,,,,,,,,,
Yamaha XJ 600 N,1995,Naked bike," 3.4  See the detailed rating of engine performance, design and look, accident risk, etc. Compare with any other motorcycle.",599.0 ccm (36.55 cubic inches),"In-line four, four-stroke",61.0 HP (44.5  kW)) @ 8500 RPM,65.7 Nm (6.7 kgf-m or 48.5 ft.lbs) @ 7000 RPM,2,6-speed,Single disc,Single disc,187.0 kg (412.3 pounds),0.3262 HP/kg,"770 mm (30.3 inches) If adjustable, lowest setting.",Electric,,,,,,,,,,,,,,,,,,,,,,,,,,,,,,,,,,,,,,,,,,,,,,,,,,,,,
Honda CBR 900 RR Fireblade,1995,Sport," 3.8  Check out the detailed rating of racing track capabilities, engine performance, accident risk, etc. Compare with any other bike.",893.0 ccm (54.49 cubic inches),"In-line four, four-stroke",124.0 HP (90.5  kW)) @ 10500 RPM,88.3 Nm (9.0 kgf-m or 65.1 ft.lbs) @ 8500 RPM,4,6-speed,Dual disc,Single disc,185.0 kg (407.9 pounds),0.6703 HP/kg,"800 mm (31.5 inches) If adjustable, lowest setting.",Electric,Liquid,,,Chain   (final drive),,,,,,,,,,,,,,,,,,,,,,,,,,,,,,,,,,,,,,,,,,,,,,,,,
Husqvarna TE 610,1995,Enduro / offroad," 3.6  Check out the detailed rating of off-road capabilities, engine performance, maintenance cost, etc. Compare with any other bike.",577.0 ccm (35.21 cubic inches),"Single cylinder, four-stroke",54.5 HP (39.8  kW)) @ 7500 RPM,58.8 Nm (6.0 kgf-m or 43.4 ft.lbs) @ 6000 RPM,4,6-speed,Single disc,Single disc,117.0 kg (257.9 pounds),0.4658 HP/kg,"945 mm (37.2 inches) If adjustable, lowest setting.",,Liquid,,,Chain   (final drive),,,,,,,,,,,,,,,,,,,,,,,,,,,,,,,,,,,,,,,,,,,,,,,,,
Honda CB 750 Seven-Fifty,1995,Naked bike," 4.0  See the detailed rating of engine performance, design and look, accident risk, etc. Compare with any other motorcycle.",747.0 ccm (45.58 cubic inches),"In-line four, four-stroke",73.0 HP (53.3  kW)) @ 8500 RPM,61.8 Nm (6.3 kgf-m or 45.6 ft.lbs) @ 7500 RPM,4,5-speed,Double disc. Two-piston calipers. ,Expanding brake (drum brake). Single-piston caliper. ,215.0 kg (474.0 pounds),0.3395 HP/kg,"795 mm (31.3 inches) If adjustable, lowest setting.",Electric,Air,205.0 km/h (127.4 mph),Double Overhead Cams/Twin Cam (DOHC),Chain   (final drive),20.00 litres (5.28 US gallons),Carburettor,1495 mm (58.9 inches),,41mm air-assist stepless preload adjustable RTF VIII fork,Dual conventional remote reservoir dampers with adjustable spring preload,120/70-ZR17 ,150/70-ZR17 ,,,9.3:1,67.0 x 53.0 mm (2.6 x 2.1 inches),Fully transistorized ,,,,240 mm (9.4 inches),,,,,,,3.00 litres (3.17 US quarts),SAE 10W-40,DOT 4,"NGK DPR8EA-9, NGK DPR8EIX-9",1200  +/- 100  RPM,36 PSI (2.5 Bar or 250 kPa),36 PSI (2.5 Bar or 250 kPa),41 mm (1.6 inches),,,,130 mm (5.1 inches),110 mm (4.3 inches),,,,,,112,15/40 (front/rear),,,,,,
Suzuki GSF 600 S Bandit,1995,Naked bike," 3.4  See the detailed rating of engine performance, design and look, accident risk, etc. Compare with any other motorcycle.",599.0 ccm (36.55 cubic inches),"In-line four, four-stroke",78.0 HP (56.9  kW)) @ 10500 RPM,53.0 Nm (5.4 kgf-m or 39.1 ft.lbs) @ 9500 RPM,4,6-speed,Dual disc,Single disc,196.0 kg (432.1 pounds),0.3980 HP/kg,"790 mm (31.1 inches) If adjustable, lowest setting.",Electric,,,,Chain   (final drive),,,,,,,,,,,,,,,,,,,,,,,,,,,,,,,,,,,,,,,,,,,,,,,,,
Triumph Trophy 900,1995,Touring," 3.8  See the detailed rating of touring capabilities, reliability, accident risk, etc. Compare with any other motorbike.",885.0 ccm (54.00 cubic inches),"In-line three, four-stroke",98.0 HP (71.5  kW)) @ 9000 RPM,81.4 Nm (8.3 kgf-m or 60.0 ft.lbs) @ 6500 RPM,4,6-speed,Dual disc,Single disc,217.0 kg (478.4 pounds),0.4516 HP/kg,"780 mm (30.7 inches) If adjustable, lowest setting.",Electric,Liquid,,,Chain   (final drive),,,,,,,,,,,,,,,,,,,,,,,,,,,,,,,,,,,,,,,,,,,,,,,,,
Yamaha XT 600 E,1995,Enduro / offroad," 3.9  Check out the detailed rating of off-road capabilities, engine performance, maintenance cost, etc. Compare with any other bike.",595.0 ccm (36.31 cubic inches),"Single cylinder, four-stroke",45.0 HP (32.8  kW)) @ 6500 RPM,50.0 Nm (5.1 kgf-m or 36.9 ft.lbs) @ 5500 RPM,4,5-speed,Single disc,Single disc,156.0 kg (343.9 pounds),0.2885 HP/kg,"855 mm (33.7 inches) If adjustable, lowest setting.",,Air,,,Chain   (final drive),,,,,,,,,,,,,,,,,,,,,,,,,,,,,,,,,,,,,,,,,,,,,,,,,
Harley-Davidson 1340 Dyna Low Rider,1995,Custom / cruiser," 3.0  See the detailed rating of design and look, maintenance cost, engine performance, etc. Compare with any other bike.",1338.0 ccm (81.64 cubic inches),"V2, four-stroke",48.0 HP (35.0  kW)) @ 4900 RPM,86.3 Nm (8.8 kgf-m or 63.7 ft.lbs) @ 2400 RPM,2,5-speed,Dual disc,Single disc,272.0 kg (599.7 pounds),0.1765 HP/kg,"685 mm (27.0 inches) If adjustable, lowest setting.",Electric,Air,,,Belt   (final drive),,,,,,,,,,,,,,,,,,,,,,,,,,,,,,,,,,,,,,,,,,,,,,,,,
Honda PC800 Pacific Coast,1995,Sport touring," 3.4  See the detailed rating of touring capabilities, reliability, accident risk, etc. Compare with any other motorbike.",800.0 ccm (48.82 cubic inches),"V2, four-stroke",46.0 HP (33.6  kW)) @ 6700 RPM,58.0 Nm (5.9 kgf-m or 42.8 ft.lbs),3,5-speed,Double disc. 2 piston calipers,Expanding brake (drum brake),264.9 kg (584.0 pounds),0.1737 HP/kg,"765 mm (30.1 inches) If adjustable, lowest setting.",Electric,Liquid,202.8 km/h (126.0 mph),Single Overhead Cams (SOHC),Shaft drive (cardan)   (final drive),15.89 litres (4.20 US gallons),Carburettor. Two 36mm diaphragm-type CV,1554 mm (61.2 inches),Wet Sump,41mm fork,Dual shocks with four-way spring. preload adjustability,120/80-17 ,140/80-15 ,One of the most underrated models in Honda´s inventory. Used bike market values have stayed level for the last 10 years,8000,9.0:1,79.5 x 80.6 mm (3.1 x 3.2 inches),"Solid-state digital, dual spark plugs per cylinder",Wet Plate,Single muffler,,,,Steel,"1989-White
1990 Candy Glory Red
1994 Black
1995 Black
1996 Red
1997 Red
1998 Red",,,,,,,,,,,,5.22 litres/100 km (19.2 km/l or 45.06 mpg),121.1 CO2 g/km. (CO2 - Carbon dioxide emission) ,,145 mm (5.7 inches),130 mm (5.1 inches),,,,,,,,,,1989 model had stator problems and tire rubbing under trunk.  Both fixed for 1990 and beyond.  1996 last year for auto turn signal shutoff,,,
Husaberg FE 500 Enduro,1995,Enduro / offroad," 3.5  Check out the detailed rating of off-road capabilities, engine performance, maintenance cost, etc. Compare with any other bike.",501.0 ccm (30.57 cubic inches),"Single cylinder, four-stroke",52.0 HP (38.0  kW)),,4,6-speed,Single disc,Single disc,108.0 kg (238.1 pounds),0.4815 HP/kg,"950 mm (37.4 inches) If adjustable, lowest setting.",,Liquid,,,Chain   (final drive),,,,,,,,,,,,,,,,,,,,,,,,,,,,,,,,,,,,,,,,,,,,,,,,,
Yamaha XJR 1200,1995,Naked bike," 3.5  See the detailed rating of engine performance, design and look, accident risk, etc. Compare with any other motorcycle.",1188.0 ccm (72.49 cubic inches),"In-line four, four-stroke",98.0 HP (71.5  kW)) @ 8000 RPM,91.2 Nm (9.3 kgf-m or 67.3 ft.lbs) @ 6000 RPM,4,5-speed,Dual disc,Single disc,232.0 kg (511.5 pounds),0.4224 HP/kg,"790 mm (31.1 inches) If adjustable, lowest setting.",Electric,,,,Chain   (final drive),,,,,,,,,,,,,,,,,,,,,,,,,,,,,,,,,,,,,,,,,,,,,,,,,
Yamaha XV 535 Virago,1995,Custom / cruiser," 3.6  See the detailed rating of design and look, maintenance cost, engine performance, etc. Compare with any other bike.",535.0 ccm (32.65 cubic inches),"V2, four-stroke",46.0 HP (33.6  kW)) @ 7500 RPM,47.1 Nm (4.8 kgf-m or 34.7 ft.lbs) @ 6000 RPM,2,5-speed,Single disc,Expanding brake,182.0 kg (401.2 pounds),0.2527 HP/kg,"720 mm (28.3 inches) If adjustable, lowest setting.",Electric,Air,,,,,,,,,,,,,,,,,,,,,,,,,,,,,,,,,,,,,,,,,,,,,,,,,,,,
Honda VFR 750 F,1995,Sport touring," 3.7  See the detailed rating of touring capabilities, reliability, accident risk, etc. Compare with any other motorbike.",748.0 ccm (45.64 cubic inches),"V4, four-stroke",100.0 HP (73.0  kW)) @ 10000 RPM,72.6 Nm (7.4 kgf-m or 53.5 ft.lbs) @ 8000 RPM,4,6-speed,Dual disc,Single disc,209.0 kg (460.8 pounds),0.4785 HP/kg,"800 mm (31.5 inches) If adjustable, lowest setting.",Electric,,,,Chain   (final drive),,,,,,,,,,,,,,,,,,,,,,,,,,,,,,,,,,,,,,,,,,,,,,,,,
Triumph Speed Triple,1995,Naked bike," 3.9  See the detailed rating of engine performance, design and look, accident risk, etc. Compare with any other motorcycle.",885.0 ccm (54.00 cubic inches),"In-line three, four-stroke",98.0 HP (71.5  kW)) @ 9000 RPM,81.4 Nm (8.3 kgf-m or 60.0 ft.lbs) @ 6500 RPM,4,5-speed,Dual disc,Single disc,209.0 kg (460.8 pounds),0.4689 HP/kg,"790 mm (31.1 inches) If adjustable, lowest setting.",Electric,Liquid,,,Chain   (final drive),,,,,,,,,,,,,,,,,,,,,,,,,,,,,,,,,,,,,,,,,,,,,,,,,
Suzuki DR 650 RSE,1995,Enduro / offroad," 3.4  Check out the detailed rating of off-road capabilities, engine performance, maintenance cost, etc. Compare with any other bike.",641.0 ccm (39.11 cubic inches),"Single cylinder, four-stroke",46.0 HP (33.6  kW)) @ 6800 RPM,55.9 Nm (5.7 kgf-m or 41.2 ft.lbs) @ 5000 RPM,4,5-speed,Single disc,Single disc,170.0 kg (374.8 pounds),0.2706 HP/kg,"925 mm (36.4 inches) If adjustable, lowest setting.",,,,,Chain   (final drive),,,,,,,,,,,,,,,,,,,,,,,,,,,,,,,,,,,,,,,,,,,,,,,,,
Enfield 500 Bullet,1995,Classic," 3.6  See the detailed rating of design and look, engine performance, reliability, fun-factor, etc. Compare with any other bike.",499.0 ccm (30.45 cubic inches),"Single cylinder, four-stroke",22.0 HP (16.1  kW)) @ 5400 RPM,34.3 Nm (3.5 kgf-m or 25.3 ft.lbs) @ 3000 RPM,2,4-speed,Expanding brake,Expanding brake,168.0 kg (370.4 pounds),0.1310 HP/kg,"760 mm (29.9 inches) If adjustable, lowest setting.",,Air,125.0 km/h (77.7 mph),,Chain   (final drive),,,,,,,,,,,,,,,,,,,,,,,,,,,,,,,,,,,,,,,,,,,,,,,,,
BMW K 1100 RS,1995,Sport touring," 3.5  See the detailed rating of touring capabilities, reliability, accident risk, etc. Compare with any other motorbike.",1092.0 ccm (66.63 cubic inches),"In-line four, four-stroke",100.0 HP (73.0  kW)) @ 7500 RPM,104.9 Nm (10.7 kgf-m or 77.4 ft.lbs) @ 5500 RPM,4,5-speed,Dual disc,Single disc,248.0 kg (546.7 pounds),0.4032 HP/kg,"800 mm (31.5 inches) If adjustable, lowest setting.",Electric,,,,Shaft drive (cardan)   (final drive),,,,,,,,,,,,,,,,,,,,,,,,,,,,,,,,,,,,,,,,,,,,,,,,,
Kawasaki GS 500 E,1995,Naked bike," 3.3  See the detailed rating of engine performance, design and look, accident risk, etc. Compare with any other motorcycle.",487.0 ccm (29.72 cubic inches),"Twin, four-stroke",45.5 HP (33.2  kW)) @ 9200 RPM,39.2 Nm (4.0 kgf-m or 28.9 ft.lbs) @ 7500 RPM,2,6-speed,Single disc,Single disc,169.0 kg (372.6 pounds),0.2692 HP/kg,,,Air,,,Chain   (final drive),17.00 litres (4.49 US gallons),,1410 mm (55.5 inches),,,,110/70-17 ,130/70-17 ,,,,74.0 x 56.6 mm (2.9 x 2.2 inches),,,,,250 mm (9.8 inches),,,,,,,,,,,,,,,,,,,,,,,,,,,,,,,,
Kawasaki GTR 1000,1995,Touring," 3.7  See the detailed rating of touring capabilities, reliability, accident risk, etc. Compare with any other motorbike.",997.0 ccm (60.84 cubic inches),"In-line four, four-stroke",93.0 HP (67.9  kW)) @ 9000 RPM,,4,6-speed,Dual disc,Single disc,270.0 kg (595.2 pounds),0.3444 HP/kg,"790 mm (31.1 inches) If adjustable, lowest setting.",Electric,,,,,,,,,,,,,,,,,,,,,,,,,,,,,,,,,,,,,,,,,,,,,,,,,,,,,
MuZ Skorpion Tour 660,1995,Naked bike," 3.5  See the detailed rating of engine performance, design and look, accident risk, etc. Compare with any other motorcycle.",660.0 ccm (40.27 cubic inches),"Single cylinder, four-stroke",48.0 HP (35.0  kW)) @ 6250 RPM,55.9 Nm (5.7 kgf-m or 41.2 ft.lbs) @ 5250 RPM,5,5-speed,Single disc,Single disc,170.0 kg (374.8 pounds),0.2824 HP/kg,"770 mm (30.3 inches) If adjustable, lowest setting.",,,,,Chain   (final drive),,,,,,,,,,,,,,,,,,,,,,,,,,,,,,,,,,,,,,,,,,,,,,,,,
Bimota SB 7,1995,Sport," 3.2  Check out the detailed rating of racing track capabilities, engine performance, accident risk, etc. Compare with any other bike.",749.0 ccm (45.70 cubic inches),"In-line four, four-stroke",132.0 HP (96.4  kW)) @ 11500 RPM,83.4 Nm (8.5 kgf-m or 61.5 ft.lbs) @ 9500 RPM,4,6-speed,Dual disc,Single disc,208.0 kg (458.6 pounds),0.6346 HP/kg,,Electric,,,,Chain   (final drive),,,,,,,,,,,,,,,,,,,,,,,,,,,,,,,,,,,,,,,,,,,,,,,,,
Yamaha XV 1000 Virago,1995,Custom / cruiser," 3.4  See the detailed rating of design and look, maintenance cost, engine performance, etc. Compare with any other bike.",981.0 ccm (59.86 cubic inches),"V2, two-stroke",65.0 HP (47.4  kW)) @ 6500 RPM,,2,5-speed,Double disc. 0,Expanding brake (drum brake). 0,,,"715 mm (28.1 inches) If adjustable, lowest setting.",Electric,Air,180.0 km/h (111.8 mph),Overhead Cams (OHC),Shaft drive (cardan)   (final drive),16.80 litres (4.44 US gallons),Carburettor. Mikuni 40mm,1525 mm (60.0 inches),,38 mm telescopic forks,Double sided swingarm with twin KYB shocks.,100/90-19 ,140/90-15 ,,7500,8.3:1,96.0 x 69.2 mm (3.8 x 2.7 inches),,,,32.0°,,4.00 seconds,,Blue/green,236.0 kg (520.3 pounds),2285 mm (90.0 inches),840 mm (33.1 inches),,,,,,,,,,,,150 mm (5.9 inches),97 mm (3.8 inches),,3.50 litres (0.92 US gallons),,,,,,75° V-twin,129 mm (5.1 inches),,15.00 seconds,4.00 seconds,
Triumph Daytona 1200,1995,Sport," 3.8  Check out the detailed rating of racing track capabilities, engine performance, accident risk, etc. Compare with any other bike.",1180.0 ccm (72.00 cubic inches),"In-line four, four-stroke",147.0 HP (107.3  kW)) @ 9500 RPM,112.8 Nm (11.5 kgf-m or 83.2 ft.lbs) @ 8000 RPM,4,6-speed,Dual disc,Single disc,247.0 kg (544.5 pounds),0.5951 HP/kg,"790 mm (31.1 inches) If adjustable, lowest setting.",Electric,,,,,,,,,,,,,,,,,,,,,,,,,,,,,,,,,,,,,,,,,,,,,,,,,,,,,
Triumph Trident 750,1995,Naked bike," 3.0  See the detailed rating of engine performance, design and look, accident risk, etc. Compare with any other motorcycle.",749.0 ccm (45.70 cubic inches),"In-line three, four-stroke",90.0 HP (65.7  kW)) @ 10000 RPM,66.7 Nm (6.8 kgf-m or 49.2 ft.lbs) @ 8700 RPM,4,6-speed,Dual disc,Single disc,212.0 kg (467.4 pounds),0.4245 HP/kg,"775 mm (30.5 inches) If adjustable, lowest setting.",Electric,Liquid,,,Chain   (final drive),,,,,,,,,,,,,,,,,,,,,,,,,,,,,,,,,,,,,,,,,,,,,,,,,
Suzuki GSX-R 1100 WS,1995,Sport," 3.7  Check out the detailed rating of racing track capabilities, engine performance, accident risk, etc. Compare with any other bike.",1027.0 ccm (62.67 cubic inches),"In-line four, four-stroke",153.0 HP (111.7  kW)) @ 10000 RPM,110.8 Nm (11.3 kgf-m or 81.7 ft.lbs) @ 9000 RPM,4,5-speed,Dual disc,Single disc,221.0 kg (487.2 pounds),0.6923 HP/kg,"815 mm (32.1 inches) If adjustable, lowest setting.",Electric,Liquid,,,Chain   (final drive),,,,,,,,,,,,,,,,,,,,,,,,,,,,,,,,,,,,,,,,,,,,,,,,,
Jawa Mosquito 585 50,1995,Enduro / offroad," 3.0  Check out the detailed rating of off-road capabilities, engine performance, maintenance cost, etc. Compare with any other bike.",48.8 ccm (2.98 cubic inches),"Single cylinder, two-stroke",5.1 HP (3.7  kW)) @ 7500 RPM,4.7 Nm (0.5 kgf-m or 3.5 ft.lbs) @ 7250 RPM,,5-speed,Single disc,Expanding brake (drum brake),78.0 kg (172.0 pounds),0.0654 HP/kg,"760 mm (29.9 inches) If adjustable, lowest setting.",Kick,,80.0 km/h (49.7 mph),Port control,Chain   (final drive),6.50 litres (1.72 US gallons),Carburettor,1200 mm (47.2 inches),Mix in fuel,CZ telescopic,Hydraulic telescopic,,,,,,38.0 x 43.0 mm (1.5 x 1.7 inches),,,,,124 mm (4.9 inches),,,"Black/yellow, red, black/red, white",,,,,,,,,,,,1.80 litres/100 km (55.6 km/l or 130.68 mpg),41.8 CO2 g/km. (CO2 - Carbon dioxide emission) ,,78 mm (3.1 inches),70 mm (2.8 inches),,1.20 litres (0.32 US gallons),,,,,,"Same engine in the Tomos AT 50, 5 speed, air cooled",,,,,"Italian, cast, 3-spoke, only in white color"
Yamaha XV 250 S Virago,1995,Custom / cruiser," 3.3  See the detailed rating of design and look, maintenance cost, engine performance, etc. Compare with any other bike.",248.0 ccm (15.13 cubic inches),"V2, four-stroke",21.0 HP (15.3  kW)) @ 8000 RPM,20.6 Nm (2.1 kgf-m or 15.2 ft.lbs) @ 6500 RPM,2,5-speed,Single disc,Expanding brake,137.0 kg (302.0 pounds),0.1533 HP/kg,"685 mm (27.0 inches) If adjustable, lowest setting.",,Air,,,,,,,,,,,,,,,,,,,,,,,,,,,,,,,,,,,,,,,,,,,,,,,,,,,,
Triumph Daytona 900,1995,Sport," 3.7  Check out the detailed rating of racing track capabilities, engine performance, accident risk, etc. Compare with any other bike.",885.0 ccm (54.00 cubic inches),"In-line three, four-stroke",98.0 HP (71.5  kW)) @ 9000 RPM,81.4 Nm (8.3 kgf-m or 60.0 ft.lbs) @ 6500 RPM,4,6-speed,Dual disc,Single disc,213.0 kg (469.6 pounds),0.4601 HP/kg,"790 mm (31.1 inches) If adjustable, lowest setting.",Electric,Liquid,,,Chain   (final drive),,,,,,,,,,,,,,,,,,,,,,,,,,,,,,,,,,,,,,,,,,,,,,,,,
Triumph Tiger 900,1995,Enduro / offroad," 3.8  Check out the detailed rating of off-road capabilities, engine performance, maintenance cost, etc. Compare with any other bike.",885.0 ccm (54.00 cubic inches),"In-line three, four-stroke",85.0 HP (62.0  kW)) @ 8000 RPM,80.4 Nm (8.2 kgf-m or 59.3 ft.lbs) @ 6000 RPM,4,6-speed,Dual disc,Single disc,209.0 kg (460.8 pounds),0.4067 HP/kg,"850 mm (33.5 inches) If adjustable, lowest setting.",Electric,Liquid,,,Chain   (final drive),,,,,,,,,,,,,,,,,,,,,,,,,,,,,,,,,,,,,,,,,,,,,,,,,
Kawasaki ZX 9 R Ninja,1995,Sport," 3.5  Check out the detailed rating of racing track capabilities, engine performance, accident risk, etc. Compare with any other bike.",899.0 ccm (54.86 cubic inches),"In-line four, four-stroke",141.0 HP (102.9  kW)) @ 10500 RPM,94.1 Nm (9.6 kgf-m or 69.4 ft.lbs) @ 9000 RPM,4,6-speed,Dual disc,Single disc,215.0 kg (474.0 pounds),0.6558 HP/kg,"800 mm (31.5 inches) If adjustable, lowest setting.",Electric,Liquid,,,Chain   (final drive),,,,,,,,,,,,,,,,,,,,,,,,,,,,,,,,,,,,,,,,,,,,,,,,,
Honda CB 500,1995,Naked bike," 3.2  See the detailed rating of engine performance, design and look, accident risk, etc. Compare with any other motorcycle.",499.0 ccm (30.45 cubic inches),"Twin, four-stroke",58.0 HP (42.3  kW)) @ 9500 RPM,47.1 Nm (4.8 kgf-m or 34.7 ft.lbs) @ 8000 RPM,4,6-speed,Single disc,Expanding brake,170.0 kg (374.8 pounds),0.3412 HP/kg,"775 mm (30.5 inches) If adjustable, lowest setting.",,,,,,,,,,,,,,,,,,,,,,,,,,,,,,,,,,,,,,,,,,,,,,,,,,,,,,
Ducati SS 600 C,1995,Sport," 3.2  Check out the detailed rating of racing track capabilities, engine performance, accident risk, etc. Compare with any other bike.",583.0 ccm (35.57 cubic inches),"V2, four-stroke",53.0 HP (38.7  kW)) @ 8250 RPM,,2,5-speed,Single disc,Single disc,172.0 kg (379.2 pounds),0.3081 HP/kg,"770 mm (30.3 inches) If adjustable, lowest setting.",Electric,,,,Chain   (final drive),,,,,,,,,,,,,,,,,,,,,,,,,,,,,,,,,,,,,,,,,,,,,,,,,
Jawa 640 Sport,1995,Sport," 3.3  Check out the detailed rating of racing track capabilities, engine performance, accident risk, etc. Compare with any other bike.",344.0 ccm (20.99 cubic inches),"Twin, two-stroke",23.5 HP (17.2  kW)) @ 5250 RPM,31.4 Nm (3.2 kgf-m or 23.2 ft.lbs) @ 4750 RPM,,4-speed,Single disc,Expanding brake,160.0 kg (352.7 pounds),0.1469 HP/kg,"750 mm (29.5 inches) If adjustable, lowest setting.",,Air,,,Chain   (final drive),,,,,,,,,,,,,,,,,,,,,,,,,,,,,,,,,,,,,,,,,,,,,,,,,
Harley-Davidson 1340 Heritage Softail Classic,1995,Custom / cruiser," 3.5  See the detailed rating of design and look, maintenance cost, engine performance, etc. Compare with any other bike.",1338.0 ccm (81.64 cubic inches),"V2, four-stroke",48.0 HP (35.0  kW)) @ 4900 RPM,86.3 Nm (8.8 kgf-m or 63.7 ft.lbs) @ 2400 RPM,2,5-speed,Single disc,Single disc,322.0 kg (709.9 pounds),0.1491 HP/kg,"673 mm (26.5 inches) If adjustable, lowest setting.",Electric,Air,,,Belt   (final drive),,,,,,,,,,,,,,,,,,,,,,,,,,,,,,,,,,,,,,,,,,,,,,,,,
Suzuki VS 800 Intruder,1995,Custom / cruiser," 3.5  See the detailed rating of design and look, maintenance cost, engine performance, etc. Compare with any other bike.",805.0 ccm (49.12 cubic inches),"V2, four-stroke",60.0 HP (43.8  kW)) @ 6500 RPM,73.6 Nm (7.5 kgf-m or 54.3 ft.lbs) @ 5500 RPM,4,5-speed,Single disc,Expanding brake,200.0 kg (440.9 pounds),0.3000 HP/kg,"685 mm (27.0 inches) If adjustable, lowest setting.",Electric,,,,,,,,,,,,,,,,,,,,,,,,,,,,,,,,,,,,,,,,,,,,,,,,,,,,,
BMW K 1100 LT SE,1995,Touring," 3.3  See the detailed rating of touring capabilities, reliability, accident risk, etc. Compare with any other motorbike.",1092.0 ccm (66.63 cubic inches),"In-line four, four-stroke",100.0 HP (73.0  kW)) @ 7500 RPM,104.9 Nm (10.7 kgf-m or 77.4 ft.lbs) @ 5500 RPM,4,5-speed,Dual disc,Single disc,270.0 kg (595.2 pounds),0.3704 HP/kg,"810 mm (31.9 inches) If adjustable, lowest setting.",Electric,,,,Shaft drive (cardan)   (final drive),,,,,,,,,"The K 1100 LT SE is basically the same as the K 1100 LT, but includes a few luxury devices.",,,,,,,,,,,,,,,,,,,,,,,,,,,,,,,,,,,,,,,,
Triumph Sprint 900,1995,Sport touring," 3.6  See the detailed rating of touring capabilities, reliability, accident risk, etc. Compare with any other motorbike.",885.0 ccm (54.00 cubic inches),"In-line three, four-stroke",98.0 HP (71.5  kW)) @ 9000 RPM,81.4 Nm (8.3 kgf-m or 60.0 ft.lbs) @ 6500 RPM,4,6-speed,Dual disc,Single disc,215.0 kg (474.0 pounds),0.4558 HP/kg,"780 mm (30.7 inches) If adjustable, lowest setting.",Electric,Liquid,,,Chain   (final drive),,,,,,,,,,,,,,,,,,,,,,,,,,,,,,,,,,,,,,,,,,,,,,,,,
MuZ Saxon Tour 500,1995,Naked bike," 3.4  See the detailed rating of engine performance, design and look, accident risk, etc. Compare with any other motorcycle.",494.0 ccm (30.14 cubic inches),"Single cylinder, four-stroke",34.0 HP (24.8  kW)) @ 7200 RPM,34.3 Nm (3.5 kgf-m or 25.3 ft.lbs) @ 6000 RPM,4,5-speed,Single disc,Expanding brake,145.0 kg (319.7 pounds),0.2345 HP/kg,"820 mm (32.3 inches) If adjustable, lowest setting.",,Air,,,,,,,,,,,,,,,,,,,,,,,,,,,,,,,,,,,,,,,,,,,,,,,,,,,,
Suzuki GSX 750 FS,1995,Sport touring," 3.4  See the detailed rating of touring capabilities, reliability, accident risk, etc. Compare with any other motorbike.",748.0 ccm (45.64 cubic inches),"In-line four, four-stroke",106.0 HP (77.4  kW)) @ 10400 RPM,73.6 Nm (7.5 kgf-m or 54.3 ft.lbs) @ 9500 RPM,4,6-speed,Dual disc,Single disc,195.0 kg (429.9 pounds),0.5436 HP/kg,"800 mm (31.5 inches) If adjustable, lowest setting.",Electric,,,,Chain   (final drive),,,,,,,,,,,,,,,,,,,,,,,,,,,,,,,,,,,,,,,,,,,,,,,,,
Ducati 748 Biposto,1995,Sport," 3.4  Check out the detailed rating of racing track capabilities, engine performance, accident risk, etc. Compare with any other bike.",748.0 ccm (45.64 cubic inches),"V2, four-stroke",98.0 HP (71.5  kW)) @ 11000 RPM,,4,6-speed,Dual disc,Single disc,200.0 kg (440.9 pounds),0.4900 HP/kg,"790 mm (31.1 inches) If adjustable, lowest setting.",Electric,,,,Chain   (final drive),,,,,,,,,,,,,,,,,,,,,,,,,,,,,,,,,,,,,,,,,,,,,,,,,
