Model,Year,Category,Rating,Displacement,Engine type,Power,Torque,Valves per cylinder,Gearbox,Front brakes,Rear brakes,Dry weight,Power/weight ratio,Seat height,Fuel capacity,Reserve fuel capacity,Top speed,Fuel system,Fuel control,Ignition,Cooling system,Transmission type,Clutch,Fuel consumption,Greenhouse gases,Starter,Comments,Alternate seat height,0-100 km/h (0-62 mph),"Weight incl. oil, gas, etc",Color options,Modifications compared to previous model,Compression,Bore x stroke,Lubrication system,Exhaust system,Rake (fork angle),Trail,Front tire,Rear tire,Overall height,Overall length,Overall width,Ground clearance,Wheelbase,Oil capacity,Front suspension,Rear suspension,Diameter,Max RPM,Frame type,Front wheel travel,Rear wheel travel,Engine oil,Brake fluid,Coolant,Spark plugs,Idle speed,Sprockets,Tire pressure front,Tire pressure rear,Fork tube size,1/4 mile (0.4 km),Driveline,Oil filter,Battery,Belt teeth,Belt width
Harley-Davidson 1340 Ultra Glide Classic,1993,Unspecified category," 3.1  Check out the detailed rating of reliability, maintenance costs, value for money, etc. Compare with any other motorcycle.",1338.0 ccm (81.64 cubic inches),"V2, four-stroke",60.0 HP (43.8  kW)) @ 5000 RPM,94.2 Nm (9.6 kgf-m or 69.4 ft.lbs) @ 3600 RPM,2,5-speed,Dual disc,Single disc,351.0 kg (773.8 pounds),0.1709 HP/kg,"750 mm (29.5 inches) If adjustable, lowest setting.",18.90 litres (4.99 US gallons),,,,,,,,,,,,,,,,,,,,,,,,,,,,,,,,,,,,,,,,,,,,,,,,,,,,,
Kawasaki VN 1500,1993,Unspecified category," 3.6  Check out the detailed rating of reliability, maintenance costs, value for money, etc. Compare with any other motorcycle.",1471.0 ccm (89.76 cubic inches),"V2, four-stroke",64.0 HP (46.7  kW)) @ 5000 RPM,117.7 Nm (12.0 kgf-m or 86.8 ft.lbs) @ 3300 RPM,4,4-speed,Single disc,Single disc,249.0 kg (549.0 pounds),0.2570 HP/kg,"745 mm (29.3 inches) If adjustable, lowest setting.",12.00 litres (3.17 US gallons),2.50 litres (0.66 US gallons),,,,,,,,,,,,,,,,,,,,,,,,,,,,,,,,,,,,,,,,,,,,,,,,,,,,
Indian Scout 86,1993,Unspecified category," 2.7  Check out the detailed rating of reliability, maintenance costs, value for money, etc. Compare with any other motorcycle.",1438.0 ccm (87.75 cubic inches),"V2, four-stroke",,,4,4-speed,Single disc,Single disc,213.0 kg (469.6 pounds),,,,,,,,,,,,,,,,,,,,,,,,,,,,,,,,,,,,,,,,,,,,,,,,,,,,,,,,
Honda XRV 750 Africa Twin,1993,Unspecified category," 3.8  Check out the detailed rating of reliability, maintenance costs, value for money, etc. Compare with any other motorcycle.",742.0 ccm (45.28 cubic inches),"V2, four-stroke",62.0 HP (45.3  kW)) @ 5000 RPM,62.8 Nm (6.4 kgf-m or 46.3 ft.lbs) @ 6000 RPM,3,5-speed,Dual disc,Single disc,202.0 kg (445.3 pounds),0.3069 HP/kg,"865 mm (34.1 inches) If adjustable, lowest setting.",23.00 litres (6.08 US gallons),,,,,,,,,,,,,,,,,,,,,,,,,,,,,,,,,,,,,,,,,,,,,,,,,,,,,
Honda NX 250,1993,Unspecified category," 3.5  Check out the detailed rating of reliability, maintenance costs, value for money, etc. Compare with any other motorcycle.",239.0 ccm (14.58 cubic inches),"Single cylinder, four-stroke",23.5 HP (17.2  kW)) @ 8000 RPM,22.6 Nm (2.3 kgf-m or 16.6 ft.lbs) @ 4000 RPM,4,6-speed,Single disc,Expanding brake,118.0 kg (260.1 pounds),0.1992 HP/kg,"820 mm (32.3 inches) If adjustable, lowest setting.",9.00 litres (2.38 US gallons),1.60 litres (0.42 US gallons),,,,,,,,,,,,,,,,,,,,,,,,,,,,,,,,,,,,,,,,,,,,,,,,,,,,
Kawasaki Zephyr 1100,1993,Unspecified category," 3.5  Check out the detailed rating of reliability, maintenance costs, value for money, etc. Compare with any other motorcycle.",1062.0 ccm (64.80 cubic inches),"In-line four, four-stroke",93.0 HP (67.9  kW)) @ 8000 RPM,88.3 Nm (9.0 kgf-m or 65.1 ft.lbs) @ 7000 RPM,2,5-speed,Dual disc,Single disc,242.0 kg (533.5 pounds),0.3843 HP/kg,"795 mm (31.3 inches) If adjustable, lowest setting.",19.00 litres (5.02 US gallons),,,,,,,,,,,,,,,,,,,,,,,,,,,,,,,,,,,,,,,,,,,,,,,,,,,,,
Moto Guzzi California III,1993,Unspecified category," 3.6  Check out the detailed rating of reliability, maintenance costs, value for money, etc. Compare with any other motorcycle.",949.0 ccm (57.91 cubic inches),"V2, four-stroke",65.0 HP (47.4  kW)) @ 6700 RPM,79.4 Nm (8.1 kgf-m or 58.6 ft.lbs) @ 3200 RPM,2,5-speed,Dual disc,Single disc,250.0 kg (551.2 pounds),0.2600 HP/kg,"770 mm (30.3 inches) If adjustable, lowest setting.",25.00 litres (6.61 US gallons),3.00 litres (0.79 US gallons),,,,,,,,,,,,,,,,,,,,,,,,,,,,,,,,,,,,,,,,,,,,,,,,,,,,
Suzuki GSF 400 Bandit,1993,Unspecified category," 3.4  Check out the detailed rating of reliability, maintenance costs, value for money, etc. Compare with any other motorcycle.",398.0 ccm (24.29 cubic inches),"In-line four, four-stroke",54.0 HP (39.4  kW)) @ 11000 RPM,37.3 Nm (3.8 kgf-m or 27.5 ft.lbs) @ 9500 RPM,4,6-speed,Single disc,Single disc,165.0 kg (363.8 pounds),0.3273 HP/kg,"770 mm (30.3 inches) If adjustable, lowest setting.",16.00 litres (4.23 US gallons),3.50 litres (0.92 US gallons),,,,,,,,,,,,,,,,,,,,,,,,,,,,,,,,,,,,,,,,,,,,,,,,,,,,
Harley-Davidson 1340 Low Rider Custom,1993,Unspecified category," 3.0  Check out the detailed rating of reliability, maintenance costs, value for money, etc. Compare with any other motorcycle.",1338.0 ccm (81.64 cubic inches),"V2, four-stroke",48.0 HP (35.0  kW)) @ 4900 RPM,86.3 Nm (8.8 kgf-m or 63.7 ft.lbs) @ 2400 RPM,2,5-speed,Single disc,Single disc,264.0 kg (582.0 pounds),0.1818 HP/kg,"673 mm (26.5 inches) If adjustable, lowest setting.",15.90 litres (4.20 US gallons),,,,,,,,,,,,,,,,,,,,,,,,,,,,,,,,,,,,,,,,,,,,,,,,,,,,,
Ducati 900 Superlight,1993,Unspecified category," 3.1  Check out the detailed rating of reliability, maintenance costs, value for money, etc. Compare with any other motorcycle.",904.0 ccm (55.16 cubic inches),"V2, four-stroke",78.0 HP (56.9  kW)) @ 7000 RPM,82.4 Nm (8.4 kgf-m or 60.8 ft.lbs) @ 6400 RPM,2,6-speed,Dual disc,Single disc,179.0 kg (394.6 pounds),0.4358 HP/kg,"780 mm (30.7 inches) If adjustable, lowest setting.",17.50 litres (4.62 US gallons),4.00 litres (1.06 US gallons),,,,,,,,,,,,,,,,,,,,,,,,,,,,,,,,,,,,,,,,,,,,,,,,,,,,
Honda Dio Super,1993,Scooter," 3.3  View the detailed rating of value for money, design and look, reliability, etc. Compare with any other bike.",49.0 ccm (2.99 cubic inches),"Single cylinder, two-stroke",7.0 HP (5.1  kW)),,1,Automatic,,Expanding brake (drum brake),80.0 kg (176.4 pounds),0.0875 HP/kg,,5.00 litres (1.32 US gallons),,60.0 km/h (37.3 mph),Carburettor,Rotary valves,key,Air,Belt   (final drive),automatic,3.00 litres/100 km (33.3 km/l or 78.41 mpg),69.6 CO2 g/km. (CO2 - Carbon dioxide emission) ,Electric & kick,A really nice and reliable scooter,,,,,,,,,,,,,,,,,,,,,,,,,,,,,,,,,,,,,,,,,
Suzuki GSX-R 750,1993,Unspecified category," 3.6  Check out the detailed rating of reliability, maintenance costs, value for money, etc. Compare with any other motorcycle.",750.0 ccm (45.77 cubic inches),"In-line four, four-stroke",118.0 HP (86.1  kW)) @ 11500 RPM,78.5 Nm (8.0 kgf-m or 57.9 ft.lbs) @ 9500 RPM,4,6-speed,Dual disc,Single disc,208.0 kg (458.6 pounds),0.5673 HP/kg,"790 mm (31.1 inches) If adjustable, lowest setting.",21.00 litres (5.55 US gallons),4.00 litres (1.06 US gallons),,,,,,,,,,,,,,,,,,,,,,,,,,,,,,,,,,,,,,,,,,,,,,,,,,,,
Honda VFR 750 F,1993,Unspecified category," 3.7  Check out the detailed rating of reliability, maintenance costs, value for money, etc. Compare with any other motorcycle.",748.0 ccm (45.64 cubic inches),"V4, four-stroke",103.0 HP (75.2  kW)) @ 10000 RPM,76.5 Nm (7.8 kgf-m or 56.4 ft.lbs) @ 8000 RPM,4,6-speed,Dual disc,Single disc,215.0 kg (474.0 pounds),0.4791 HP/kg,"795 mm (31.3 inches) If adjustable, lowest setting.",20.00 litres (5.28 US gallons),4.00 litres (1.06 US gallons),,,,,,,,,,,,,,,,,,,,,,,,,,,,,,,,,,,,,,,,,,,,,,,,,,,,
BMW K 75,1993,Unspecified category," 3.0  Check out the detailed rating of reliability, maintenance costs, value for money, etc. Compare with any other motorcycle.",740.0 ccm (45.15 cubic inches),"In-line three, four-stroke",75.0 HP (54.7  kW)) @ 8500 RPM,68.0 Nm (6.9 kgf-m or 50.1 ft.lbs) @ 6750 RPM,2,5-speed,Dual disc,Single disc,209.0 kg (460.8 pounds),0.3589 HP/kg,"760 mm (29.9 inches) If adjustable, lowest setting.",25.00 litres (6.61 US gallons),2.00 litres (0.53 US gallons),,,,,,,,,,,,"780 mm (30.7 inches) If adjustable, highest setting.",,,,,,,,,,,,,,,,,,,,,,,,,,,,,,,,,,,,,,,,
Harley-Davidson 1340 Low Rider Sport,1993,Unspecified category," 3.7  Check out the detailed rating of reliability, maintenance costs, value for money, etc. Compare with any other motorcycle.",1338.0 ccm (81.64 cubic inches),"V2, four-stroke",48.0 HP (35.0  kW)) @ 4900 RPM,86.3 Nm (8.8 kgf-m or 63.7 ft.lbs) @ 2400 RPM,2,5-speed,Dual disc,Single disc,268.0 kg (590.8 pounds),0.1791 HP/kg,"699 mm (27.5 inches) If adjustable, lowest setting.",15.90 litres (4.20 US gallons),,,,,,,,,,,,,,,,,,,,,,,,,,,,,,,,,,,,,,,,,,,,,,,,,,,,,
BMW K 1,1993,Unspecified category," 3.4  Check out the detailed rating of reliability, maintenance costs, value for money, etc. Compare with any other motorcycle.",987.0 ccm (60.23 cubic inches),"In-line four, four-stroke",100.0 HP (73.0  kW)) @ 8000 RPM,100.0 Nm (10.2 kgf-m or 73.8 ft.lbs) @ 6750 RPM,4,5-speed,Dual disc,Single disc,239.0 kg (526.9 pounds),0.4184 HP/kg,"780 mm (30.7 inches) If adjustable, lowest setting.",22.00 litres (5.81 US gallons),,,,,,,,,,,,,,,,,,,,,,,,,,,,,,,,,,,,,,,,,,,,,,,,,,,,,
Harley-Davidson 1340 Dyna Low Rider,1993,Unspecified category," 3.4  Check out the detailed rating of reliability, maintenance costs, value for money, etc. Compare with any other motorcycle.",1338.0 ccm (81.64 cubic inches),"V2, four-stroke",48.0 HP (35.0  kW)) @ 4900 RPM,86.3 Nm (8.8 kgf-m or 63.7 ft.lbs) @ 2400 RPM,2,5-speed,Dual disc,Single disc,275.0 kg (606.3 pounds),0.1745 HP/kg,"685 mm (27.0 inches) If adjustable, lowest setting.",18.90 litres (4.99 US gallons),,,,,,,,,,,,,,,,,,,,,,,,,,,,,,,,,,,,,,,,,,,,,,,,,,,,,
Yamaha XVZ 13 TD,1993,Unspecified category," 3.1  Check out the detailed rating of reliability, maintenance costs, value for money, etc. Compare with any other motorcycle.",1294.0 ccm (78.96 cubic inches),"V4, four-stroke",97.0 HP (70.8  kW)) @ 7000 RPM,114.7 Nm (11.7 kgf-m or 84.6 ft.lbs) @ 5000 RPM,4,5-speed,Dual disc,Single disc,332.0 kg (731.9 pounds),0.2922 HP/kg,"785 mm (30.9 inches) If adjustable, lowest setting.",20.00 litres (5.28 US gallons),3.30 litres (0.87 US gallons),,,,,,,,,,,,,,,,,,,,,,,,,,,,,,,,,,,,,,,,,,,,,,,,,,,,
Ducati 907 I.E.,1993,Unspecified category," 3.6  Check out the detailed rating of reliability, maintenance costs, value for money, etc. Compare with any other motorcycle.",904.0 ccm (55.16 cubic inches),"V2, four-stroke",78.0 HP (56.9  kW)) @ 8500 RPM,77.5 Nm (7.9 kgf-m or 57.1 ft.lbs) @ 6500 RPM,2,6-speed,Dual disc,Single disc,211.0 kg (465.2 pounds),0.3697 HP/kg,"780 mm (30.7 inches) If adjustable, lowest setting.",21.00 litres (5.55 US gallons),5.00 litres (1.32 US gallons),,,,,,,,,,,,,,,,,,,,,,,,,,,,,,,,,,,,,,,,,,,,,,,,,,,,
Moto Guzzi NTX 750,1993,Unspecified category," 3.0  Check out the detailed rating of reliability, maintenance costs, value for money, etc. Compare with any other motorcycle.",744.0 ccm (45.40 cubic inches),"V2, four-stroke",52.0 HP (38.0  kW)) @ 6600 RPM,59.8 Nm (6.1 kgf-m or 44.1 ft.lbs) @ 3200 RPM,2,5-speed,Dual disc,Single disc,185.0 kg (407.9 pounds),0.2811 HP/kg,"850 mm (33.5 inches) If adjustable, lowest setting.",30.00 litres (7.93 US gallons),,,,,,,,,,,,,,,,,,,,,,,,,,,,,,,,,,,,,,,,,,,,,,,,,,,,,
Yamaha GTS 1000,1993,Unspecified category," 3.8  Check out the detailed rating of reliability, maintenance costs, value for money, etc. Compare with any other motorcycle.",1003.0 ccm (61.20 cubic inches),"In-line four, four-stroke",98.0 HP (71.5  kW)) @ 9000 RPM,105.9 Nm (10.8 kgf-m or 78.1 ft.lbs) @ 6500 RPM,5,5-speed,Single disc,Single disc,246.0 kg (542.3 pounds),0.3984 HP/kg,"790 mm (31.1 inches) If adjustable, lowest setting.",20.00 litres (5.28 US gallons),,,,,,,,,,,,,,,,,,,,,,,,,,,,,,,,,,,,,,,,,,,,,,,,,,,,,
Moto Guzzi Quota 1000,1993,Unspecified category,Do you know this bike?Click here to rate it. We miss 1 vote to show the rating.,949.0 ccm (57.91 cubic inches),"V2, four-stroke",70.0 HP (51.1  kW)) @ 6600 RPM,79.4 Nm (8.1 kgf-m or 58.6 ft.lbs) @ 6000 RPM,2,5-speed,Dual disc,Single disc,215.0 kg (474.0 pounds),0.3256 HP/kg,"870 mm (34.3 inches) If adjustable, lowest setting.",20.00 litres (5.28 US gallons),3.00 litres (0.79 US gallons),,,,,,,,,,,,,,,,,,,,,,,,,,,,,,,,,,,,,,,,,,,,,,,,,,,,
Kawasaki EL250,1993,Classic," 3.1  See the detailed rating of design and look, engine performance, reliability, fun-factor, etc. Compare with any other bike.",250.0 ccm (15.26 cubic inches),"V2, four-stroke",27.0 HP (19.7  kW)),,4,,,,,,,,,,,Double Overhead Cams/Twin Cam (DOHC),,Liquid,,,,,,,,,,,,,,,,,,,,,,,,,,,,,,,,,,,,,,,,,,,,,,,
Suzuki GS 500,1993,Unspecified category," 3.2  Check out the detailed rating of reliability, maintenance costs, value for money, etc. Compare with any other motorcycle.",487.0 ccm (29.72 cubic inches),"Twin, four-stroke",52.0 HP (38.0  kW)) @ 9200 RPM,41.2 Nm (4.2 kgf-m or 30.4 ft.lbs) @ 7500 RPM,2,6-speed,Single disc,Single disc,169.0 kg (372.6 pounds),0.3077 HP/kg,"770 mm (30.3 inches) If adjustable, lowest setting.",17.00 litres (4.49 US gallons),3.50 litres (0.92 US gallons),,,,,,,,,,,,,,,,,,,,,,,,,,,,,,,,,,,,,,,,,,,,,,,,,,,,
Honda CB 750,1993,Unspecified category," 3.3  Check out the detailed rating of reliability, maintenance costs, value for money, etc. Compare with any other motorcycle.",747.0 ccm (45.58 cubic inches),"In-line four, four-stroke",73.0 HP (53.3  kW)) @ 8500 RPM,61.8 Nm (6.3 kgf-m or 45.6 ft.lbs) @ 7500 RPM,4,5-speed,Dual disc,Single disc,215.0 kg (474.0 pounds),0.3395 HP/kg,"790 mm (31.1 inches) If adjustable, lowest setting.",20.00 litres (5.28 US gallons),,,,,,,,,,,,,,,,,,,,,,,,,,,,,,,,,,,,,,,,,,,,,,,,,,,,,
Honda VT 1100 Shadow Phoenix Edition,1993,Custom / cruiser," 3.4  See the detailed rating of design and look, maintenance cost, engine performance, etc. Compare with any other bike.",1099.0 ccm (67.06 cubic inches),"Twin, four-stroke",95.0 HP (69.3  kW)) @ 5900 RPM,122.0 Nm (12.4 kgf-m or 90.0 ft.lbs) @ 2890 RPM,4,,Single disc,Expanding brake (drum brake),,,"705 mm (27.8 inches) If adjustable, lowest setting.",15.00 litres (3.96 US gallons),,210.0 km/h (130.5 mph),,,,Liquid,Shaft drive (cardan)   (final drive),,,,Electric,,,4.00 seconds,245.0 kg (540.1 pounds),Black whith white accents and red stripes,A lite bigger fuel tank.,,,,,,,,,,,,,,,,,,,,,,,,,,,,,,,,,,,,
BMW R 100 GS,1993,Unspecified category," 3.3  Check out the detailed rating of reliability, maintenance costs, value for money, etc. Compare with any other motorcycle.",979.0 ccm (59.74 cubic inches),"Two cylinder boxer, four-stroke",60.0 HP (43.8  kW)) @ 6500 RPM,75.5 Nm (7.7 kgf-m or 55.7 ft.lbs) @ 3750 RPM,2,5-speed,Single disc,Expanding brake,199.0 kg (438.7 pounds),0.3015 HP/kg,"850 mm (33.5 inches) If adjustable, lowest setting.",24.00 litres (6.34 US gallons),4.70 litres (1.24 US gallons),,,,,,,,,,,,,,,,,,,,,,,,,,,,,,,,,,,,,,,,,,,,,,,,,,,,
Harley-Davidson Electra Glide Ultra Classic,1993,Unspecified category," 3.2  Check out the detailed rating of reliability, maintenance costs, value for money, etc. Compare with any other motorcycle.",1338.0 ccm (81.64 cubic inches),"V2, four-stroke",60.0 HP (43.8  kW)) @ 5500 RPM,94.2 Nm (9.6 kgf-m or 69.4 ft.lbs) @ 3600 RPM,2,5-speed,Dual disc,Single disc,351.0 kg (773.8 pounds),0.1709 HP/kg,"711 mm (28.0 inches) If adjustable, lowest setting.",18.90 litres (4.99 US gallons),,,,,,,,,,,,,,,,,,,,,,,,,,,,,,,,,,,,,,,,,,,,,,,,,,,,,
Honda CBR 600 F,1993,Unspecified category," 3.8  Check out the detailed rating of reliability, maintenance costs, value for money, etc. Compare with any other motorcycle.",599.0 ccm (36.55 cubic inches),"In-line four, four-stroke",100.0 HP (73.0  kW)) @ 12000 RPM,62.8 Nm (6.4 kgf-m or 46.3 ft.lbs) @ 10500 RPM,4,6-speed,Dual disc,Single disc,190.0 kg (418.9 pounds),0.5263 HP/kg,"810 mm (31.9 inches) If adjustable, lowest setting.",16.00 litres (4.23 US gallons),3.00 litres (0.79 US gallons),,,,,,,,,,,,,,,,,,,,,,,,,,,,,,,,,,,,,,,,,,,,,,,,,,,,
Suzuki DR 650 RSE,1993,Unspecified category," 3.5  Check out the detailed rating of reliability, maintenance costs, value for money, etc. Compare with any other motorcycle.",641.0 ccm (39.11 cubic inches),"Single cylinder, four-stroke",46.0 HP (33.6  kW)) @ 6800 RPM,56.9 Nm (5.8 kgf-m or 42.0 ft.lbs) @ 5000 RPM,4,5-speed,Single disc,Single disc,170.0 kg (374.8 pounds),0.2706 HP/kg,"870 mm (34.3 inches) If adjustable, lowest setting.",20.00 litres (5.28 US gallons),4.00 litres (1.06 US gallons),,,,,,,,,,,,,,,,,,,,,,,,,,,,,,,,,,,,,,,,,,,,,,,,,,,,
Kawasaki VN750-A9 Vulcan 750,1993,Custom / cruiser," 3.7  See the detailed rating of design and look, maintenance cost, engine performance, etc. Compare with any other bike.",749.0 ccm (45.70 cubic inches),"V2, four-stroke",,,4,5-speed,Double disc,Expanding brake (drum brake),219.0 kg (482.8 pounds),,,13.50 litres (3.57 US gallons),,,Carburettor. Keihin CVK34 x 2,Double Overhead Cams/Twin Cam (DOHC),Transistorized,Liquid,Shaft drive (cardan)   (final drive),Wet Multi Disc,,,Electric,,,,,,,10.3:1,84.9 x 66.2 mm (3.3 x 2.6 inches),Forced Lubrication (Wet Sump),Double,32.0°,127 mm (5.0 inches),100/90-19 ,150/90-15 ,1225 mm (48.2 inches),2295 mm (90.4 inches),850 mm (33.5 inches),150 mm (5.9 inches),1580 mm (62.2 inches),4.00 litres (4.23 US quarts),,,,,,,,,,,,,,,,,,,,,,
Yamaha SR 500,1993,Unspecified category," 3.2  Check out the detailed rating of reliability, maintenance costs, value for money, etc. Compare with any other motorcycle.",499.0 ccm (30.45 cubic inches),"Single cylinder, four-stroke",24.0 HP (17.5  kW)) @ 6000 RPM,37.3 Nm (3.8 kgf-m or 27.5 ft.lbs) @ 3500 RPM,2,5-speed,Expanding brake,Expanding brake,152.0 kg (335.1 pounds),0.1579 HP/kg,"790 mm (31.1 inches) If adjustable, lowest setting.",14.00 litres (3.70 US gallons),3.00 litres (0.79 US gallons),,,,,,,,,,,,,,,,,,,,,,,,,,,,,,,,,,,,,,,,,,,,,,,,,,,,
Dnepr Dnepr,1993,Unspecified category," 3.5  Check out the detailed rating of reliability, maintenance costs, value for money, etc. Compare with any other motorcycle.",649.0 ccm (39.60 cubic inches),"Two cylinder boxer, four-stroke",27.0 HP (19.7  kW)) @ 4730 RPM,47.1 Nm (4.8 kgf-m or 34.7 ft.lbs) @ 4500 RPM,2,4-speed,Expanding brake,Expanding brake,,,"830 mm (32.7 inches) If adjustable, lowest setting.",19.00 litres (5.02 US gallons),2.00 litres (0.53 US gallons),,,,,,,,,,,,,,,,,,,,,,,,,,,,,,,,,,,,,,,,,,,,,,,,,,,,
Honda GL 1500 Aspencade,1993,Unspecified category," 3.7  Check out the detailed rating of reliability, maintenance costs, value for money, etc. Compare with any other motorcycle.",1520.0 ccm (92.75 cubic inches),"Six cylinder boxer, four-stroke",100.0 HP (73.0  kW)) @ 5000 RPM,150.1 Nm (15.3 kgf-m or 110.7 ft.lbs) @ 4000 RPM,2,5-speed,Dual disc,Single disc,366.0 kg (806.9 pounds),0.2732 HP/kg,"765 mm (30.1 inches) If adjustable, lowest setting.",23.00 litres (6.08 US gallons),3.80 litres (1.00 US gallons),,,,,,,,,,,,,,,,,,,,,,,,,,,,,,,,,,,,,,,,,,,,,,,,,,,,
Harley-Davidson 1200 Sportster,1993,Custom / cruiser," 3.4  See the detailed rating of design and look, maintenance cost, engine performance, etc. Compare with any other bike.",1189.0 ccm (72.55 cubic inches),"V2, four-stroke",50.0 HP (36.5  kW)) @ 5200 RPM,75.5 Nm (7.7 kgf-m or 55.7 ft.lbs) @ 3600 RPM,2,5-speed,Single disc,Single disc,216.0 kg (476.2 pounds),0.2315 HP/kg,"737 mm (29.0 inches) If adjustable, lowest setting.",8.50 litres (2.25 US gallons),,,,,,,,,,,,,,,,,,,,,,,,,,,,,,,,,,,,,,,,,,,,,,,,,,,,,
Harley-Davidson 1340 Dyna Wide Glide,1993,Unspecified category," 3.4  Check out the detailed rating of reliability, maintenance costs, value for money, etc. Compare with any other motorcycle.",1338.0 ccm (81.64 cubic inches),"V2, four-stroke",48.0 HP (35.0  kW)) @ 4900 RPM,86.3 Nm (8.8 kgf-m or 63.7 ft.lbs) @ 2400 RPM,2,5-speed,Single disc,Single disc,274.0 kg (604.1 pounds),0.1752 HP/kg,"755 mm (29.7 inches) If adjustable, lowest setting.",18.90 litres (4.99 US gallons),,,,,,,,,,,,,,,,,,,,,,,,,,,,,,,,,,,,,,,,,,,,,,,,,,,,,
Harley-Davidson 883 Sportster Hugger,1993,Custom / cruiser," 3.5  See the detailed rating of design and look, maintenance cost, engine performance, etc. Compare with any other bike.",883.0 ccm (53.88 cubic inches),"V2, four-stroke",42.0 HP (30.7  kW)) @ 5600 RPM,58.8 Nm (6.0 kgf-m or 43.4 ft.lbs) @ 4400 RPM,2,5-speed,Single disc,Single disc,217.0 kg (478.4 pounds),0.1935 HP/kg,"660 mm (26.0 inches) If adjustable, lowest setting.",8.50 litres (2.25 US gallons),,,,,,,,,,,,,,,,,,,,,,,,,,,,,,,,,,,,,,,,,,,,,,,,,,,,,
Harley-Davidson 1340 Super Glide,1993,Unspecified category," 2.5  Check out the detailed rating of reliability, maintenance costs, value for money, etc. Compare with any other motorcycle.",1338.0 ccm (81.64 cubic inches),"V2, four-stroke",48.0 HP (35.0  kW)) @ 4900 RPM,86.3 Nm (8.8 kgf-m or 63.7 ft.lbs) @ 2400 RPM,2,5-speed,Single disc,Single disc,261.0 kg (575.4 pounds),0.1839 HP/kg,"660 mm (26.0 inches) If adjustable, lowest setting.",15.90 litres (4.20 US gallons),,,,,,,,,,,,,,,,,,,,,,,,,,,,,,,,,,,,,,,,,,,,,,,,,,,,,
MZ ETZ 251,1993,Allround," 3.6  Check out the detailed rating of reliability, maintenance costs, value for money, etc. Compare with any other motorcycle.",243.0 ccm (14.83 cubic inches),"Single cylinder, two-stroke",21.0 HP (15.3  kW)) @ 5500 RPM,,,,,,,,,,,140.0 km/h (87.0 mph),,Membrane,,Air,,,,,,,,,,,,,69.0 x 0.0 mm (2.7 x  inches),,,,,,,,,,,,,,,,,,,,,,,,,,,,,,,,,,
Suzuki GSX 750 F,1993,Unspecified category," 3.8  Check out the detailed rating of reliability, maintenance costs, value for money, etc. Compare with any other motorcycle.",748.0 ccm (45.64 cubic inches),"In-line four, four-stroke",100.0 HP (73.0  kW)) @ 10500 RPM,73.6 Nm (7.5 kgf-m or 54.3 ft.lbs) @ 9500 RPM,4,6-speed,Dual disc,Single disc,209.0 kg (460.8 pounds),0.4785 HP/kg,"800 mm (31.5 inches) If adjustable, lowest setting.",20.00 litres (5.28 US gallons),5.00 litres (1.32 US gallons),,,,,,,,,,,,,,,,,,,,,,,,,,,,,,,,,,,,,,,,,,,,,,,,,,,,
Harley-Davidson 883 Sportster Standard,1993,Custom / cruiser," 2.4  See the detailed rating of design and look, maintenance cost, engine performance, etc. Compare with any other bike.",883.0 ccm (53.88 cubic inches),"V2, four-stroke",42.0 HP (30.7  kW)) @ 5600 RPM,58.8 Nm (6.0 kgf-m or 43.4 ft.lbs) @ 4400 RPM,2,5-speed,Single disc,Single disc,222.0 kg (489.4 pounds),0.1892 HP/kg,"724 mm (28.5 inches) If adjustable, lowest setting.",8.50 litres (2.25 US gallons),,,,,,,,,,,,,,,,,,,,,,,,,,,,,,,,,,,,,,,,,,,,,,,,,,,,,
Moto Guzzi Nevada 750,1993,Unspecified category," 3.0  Check out the detailed rating of reliability, maintenance costs, value for money, etc. Compare with any other motorcycle.",744.0 ccm (45.40 cubic inches),"V2, four-stroke",52.0 HP (38.0  kW)) @ 6000 RPM,59.8 Nm (6.1 kgf-m or 44.1 ft.lbs) @ 3200 RPM,2,5-speed,Dual disc,Single disc,180.0 kg (396.8 pounds),0.2889 HP/kg,"730 mm (28.7 inches) If adjustable, lowest setting.",16.50 litres (4.36 US gallons),,,,,,,,,,,,,,,,,,,,,,,,,,,,,,,,,,,,,,,,,,,,,,,,,,,,,
Husqvarna WR 125,1993,Enduro / offroad," 3.2  Check out the detailed rating of off-road capabilities, engine performance, maintenance cost, etc. Compare with any other bike.",124.0 ccm (7.57 cubic inches),"Single cylinder, two-stroke",,,,6-speed,Single disc. Fixed disc with hydraulic control,Single disc,93.0 kg (205.0 pounds),,"945 mm (37.2 inches) If adjustable, lowest setting.",3.78 litres (1.00 US gallons),,180.0 km/h (111.8 mph),Carburettor. Dell´Ortho,,Electronic capacitor-discharge,Liquid,Chain   (final drive),Mesh gear,,,Kick,,,,,White.,,8.0:1,55.9 x 50.5 mm (2.2 x 2.0 inches),Oil petrol mix,Single expansion chamber,,,,,1260 mm (49.6 inches),2145 mm (84.5 inches),810 mm (31.9 inches),378 mm (14.9 inches),1460 mm (57.5 inches),,Telescopic-hydraulic upsidedown,Soft damp,220 mm (8.7 inches),,,,,,,,,,,,,,,,,,,
Moto Guzzi SP 1000 III,1993,Unspecified category," 3.1  Check out the detailed rating of reliability, maintenance costs, value for money, etc. Compare with any other motorcycle.",949.0 ccm (57.91 cubic inches),"V2, four-stroke",71.0 HP (51.8  kW)) @ 6800 RPM,78.5 Nm (8.0 kgf-m or 57.9 ft.lbs) @ 5800 RPM,2,5-speed,Dual disc,Single disc,,,"830 mm (32.7 inches) If adjustable, lowest setting.",22.50 litres (5.94 US gallons),3.00 litres (0.79 US gallons),,,,,,,,,,,,,,,,,,,,,,,,,,,,,,,,,,,,,,,,,,,,,,,,,,,,
Yamaha TDM 850,1993,Unspecified category," 3.7  Check out the detailed rating of reliability, maintenance costs, value for money, etc. Compare with any other motorcycle.",849.0 ccm (51.81 cubic inches),"Twin, four-stroke",78.0 HP (56.9  kW)) @ 7500 RPM,75.5 Nm (7.7 kgf-m or 55.7 ft.lbs) @ 6000 RPM,5,5-speed,Dual disc,Single disc,199.0 kg (438.7 pounds),0.3920 HP/kg,"795 mm (31.3 inches) If adjustable, lowest setting.",18.00 litres (4.76 US gallons),3.50 litres (0.92 US gallons),,,,,,,,,,,,,,,,,,,,,,,,,,,,,,,,,,,,,,,,,,,,,,,,,,,,
Yamaha YZF 750 SP,1993,Sport," 3.3  Check out the detailed rating of racing track capabilities, engine performance, accident risk, etc. Compare with any other bike.",749.0 ccm (45.70 cubic inches),"In-line four, four-stroke",125.0 HP (91.2  kW)) @ 12000 RPM,79.8 Nm (8.1 kgf-m or 58.9 ft.lbs) @ 9500 RPM,5,6-speed,Double disc. 6-piston calipers,Single disc. 2-piston caliper,191.0 kg (421.1 pounds),0.6545 HP/kg,"795 mm (31.3 inches) If adjustable, lowest setting.",19.00 litres (5.02 US gallons),3.50 litres (0.92 US gallons),270.0 km/h (167.8 mph),Carburettor,Double Overhead Cams/Twin Cam (DOHC),,Liquid,Chain   (final drive),,6.25 litres/100 km (16.0 km/l or 37.64 mpg),145.0 CO2 g/km. (CO2 - Carbon dioxide emission) ,Electric,,,,,,,11.5:1,72.0 x 46.0 mm (2.8 x 1.8 inches),Wet sump,4 in 1 with EXUP-valve,,,120/70-ZR17 ,180/55-ZR17 ,1165 mm (45.9 inches),2070 mm (81.5 inches),730 mm (28.7 inches),140 mm (5.5 inches),1420 mm (55.9 inches),,USD Multi Adjuster,Monoshock Multi Adjuster,245 mm (9.6 inches),14000,Deltabox,,,,,,,,,,,,,,,,,
Suzuki RG 125 F,1993,Sport," 3.3  Check out the detailed rating of racing track capabilities, engine performance, accident risk, etc. Compare with any other bike.",124.0 ccm (7.57 cubic inches),"Single cylinder, two-stroke",33.0 HP (24.1  kW)) @ 11250 RPM,21.0 Nm (2.1 kgf-m or 15.5 ft.lbs) @ 11000 RPM,,6-speed,Single disc,Single disc,123.0 kg (271.2 pounds),0.2683 HP/kg,"775 mm (30.5 inches) If adjustable, lowest setting.",14.00 litres (3.70 US gallons),,,Carburettor,Membrane & power valve,CDI,Liquid,Chain   (final drive),Wet multi-plate type,,,Electric,,,,,,,7.4:1,56.0 x 50.6 mm (2.2 x 2.0 inches),Suzuki CCI,,25.0°,97 mm (3.8 inches),110/80-17 52S ,120/80-17 61S ,1090 mm (42.9 inches),2005 mm (78.9 inches),770 mm (30.3 inches),140 mm (5.5 inches),1355 mm (53.3 inches),,39mm USD forks,Monoshock,,13000,Pressed steel frame,,,,,,,,,,,,,,,,,
BMW K 1100 LT,1993,Unspecified category," 3.5  Check out the detailed rating of reliability, maintenance costs, value for money, etc. Compare with any other motorcycle.",1092.0 ccm (66.63 cubic inches),"In-line four, four-stroke",100.0 HP (73.0  kW)) @ 7500 RPM,104.9 Nm (10.7 kgf-m or 77.4 ft.lbs) @ 5500 RPM,4,5-speed,Dual disc,Single disc,270.0 kg (595.2 pounds),0.3704 HP/kg,"810 mm (31.9 inches) If adjustable, lowest setting.",22.00 litres (5.81 US gallons),,,,,,,,,,,,,,,,,,,,,,,,,,,,,,,,,,,,,,,,,,,,,,,,,,,,,
BMW R 100 R,1993,Unspecified category," 3.5  Check out the detailed rating of reliability, maintenance costs, value for money, etc. Compare with any other motorcycle.",980.0 ccm (59.80 cubic inches),"Two cylinder boxer, four-stroke",60.0 HP (43.8  kW)) @ 6500 RPM,75.5 Nm (7.7 kgf-m or 55.7 ft.lbs) @ 3750 RPM,2,5-speed,Single disc,Expanding brake,197.0 kg (434.3 pounds),0.3046 HP/kg,"800 mm (31.5 inches) If adjustable, lowest setting.",24.00 litres (6.34 US gallons),4.70 litres (1.24 US gallons),,,,,,,,,,,,,,,,,,,,,,,,,,,,,,,,,,,,,,,,,,,,,,,,,,,,
Kawasaki ZXR 750,1993,Unspecified category," 3.4  Check out the detailed rating of reliability, maintenance costs, value for money, etc. Compare with any other motorcycle.",749.0 ccm (45.70 cubic inches),"In-line four, four-stroke",122.0 HP (89.1  kW)) @ 11000 RPM,76.5 Nm (7.8 kgf-m or 56.4 ft.lbs) @ 10000 RPM,4,6-speed,Dual disc,Single disc,195.0 kg (429.9 pounds),0.6256 HP/kg,"800 mm (31.5 inches) If adjustable, lowest setting.",18.00 litres (4.76 US gallons),,,,,,,,,,,,,,,,,,,,,,,,,,,,,,,,,,,,,,,,,,,,,,,,,,,,,
Kawasaki KLX 650,1993,Unspecified category," 4.0  Check out the detailed rating of reliability, maintenance costs, value for money, etc. Compare with any other motorcycle.",651.0 ccm (39.72 cubic inches),"Single cylinder, four-stroke",48.0 HP (35.0  kW)) @ 6500 RPM,52.0 Nm (5.3 kgf-m or 38.3 ft.lbs) @ 5000 RPM,4,5-speed,Single disc,Single disc,145.0 kg (319.7 pounds),0.3310 HP/kg,"885 mm (34.8 inches) If adjustable, lowest setting.",12.00 litres (3.17 US gallons),,,,,,,,,,,,,,,,,,,,,,,,,,,,,,,,,,,,,,,,,,,,,,,,,,,,,
Suzuki GSX 1100 G,1993,Unspecified category," 3.7  Check out the detailed rating of reliability, maintenance costs, value for money, etc. Compare with any other motorcycle.",1128.0 ccm (68.83 cubic inches),"In-line four, four-stroke",100.0 HP (73.0  kW)) @ 8000 RPM,98.1 Nm (10.0 kgf-m or 72.3 ft.lbs) @ 7000 RPM,4,5-speed,Dual disc,Single disc,261.0 kg (575.4 pounds),0.3831 HP/kg,"790 mm (31.1 inches) If adjustable, lowest setting.",20.00 litres (5.28 US gallons),,,,,,,,,,,,,,,,,,,,,,,,,,,,,,,,,,,,,,,,,,,,,,,,,,,,,
Enfield Bullet 500,1993,Unspecified category," 3.7  Check out the detailed rating of reliability, maintenance costs, value for money, etc. Compare with any other motorcycle.",499.0 ccm (30.45 cubic inches),"Single cylinder, four-stroke",22.0 HP (16.1  kW)) @ 5400 RPM,35.2 Nm (3.6 kgf-m or 26.0 ft.lbs),2,4-speed,Expanding brake,Expanding brake,155.0 kg (341.7 pounds),0.1419 HP/kg,"760 mm (29.9 inches) If adjustable, lowest setting.",14.50 litres (3.83 US gallons),1.20 litres (0.32 US gallons),,,,,,,,,,,,,,,,,,,,,,,,,,,,,,,,,,,,,,,,,,,,,,,,,,,,
Ducati 900 SS,1993,Unspecified category," 3.6  Check out the detailed rating of reliability, maintenance costs, value for money, etc. Compare with any other motorcycle.",904.0 ccm (55.16 cubic inches),"V2, four-stroke",78.0 HP (56.9  kW)) @ 7000 RPM,82.4 Nm (8.4 kgf-m or 60.8 ft.lbs) @ 6400 RPM,2,6-speed,Dual disc,Single disc,183.0 kg (403.4 pounds),0.4262 HP/kg,"780 mm (30.7 inches) If adjustable, lowest setting.",17.50 litres (4.62 US gallons),4.00 litres (1.06 US gallons),,,,,,,,,,,,,,,,,,,,,,,,,,,,,,,,,,,,,,,,,,,,,,,,,,,,
BMW R 1100 RS,1993,Sport," 3.4  Check out the detailed rating of racing track capabilities, engine performance, accident risk, etc. Compare with any other bike.",1085.0 ccm (66.21 cubic inches),"Two cylinder boxer, four-stroke",90.0 HP (65.7  kW)) @ 7250 RPM,95.1 Nm (9.7 kgf-m or 70.2 ft.lbs) @ 5500 RPM,4,5-speed,Double disc,Single disc,239.0 kg (526.9 pounds),0.3766 HP/kg,"780 mm (30.7 inches) If adjustable, lowest setting.",22.00 litres (5.81 US gallons),,215.0 km/h (133.6 mph),Injection,,,Oil & air,Shaft drive (cardan)   (final drive),,,,Electric,,,,269.0 kg (593.0 pounds),"Red, white, blue",,10.7:1,,Wet sump,,,,120/70-17 ,180/55-18 ,,2180 mm (85.8 inches),,,1485 mm (58.5 inches),,Telelever,Paralever swingarm,276 mm (10.9 inches),,"Backbound, steel",120 mm (4.7 inches),125 mm (4.9 inches),,,,,,,,,,,,,,,
BMW R 80,1993,Unspecified category," 3.0  Check out the detailed rating of reliability, maintenance costs, value for money, etc. Compare with any other motorcycle.",797.0 ccm (48.63 cubic inches),"Two cylinder boxer, four-stroke",50.0 HP (36.5  kW)) @ 6500 RPM,57.9 Nm (5.9 kgf-m or 42.7 ft.lbs) @ 4000 RPM,2,5-speed,Single disc,Expanding brake,190.0 kg (418.9 pounds),0.2632 HP/kg,"807 mm (31.8 inches) If adjustable, lowest setting.",22.00 litres (5.81 US gallons),2.00 litres (0.53 US gallons),,,,,,,,,,,,,,,,,,,,,,,,,,,,,,,,,,,,,,,,,,,,,,,,,,,,
Harley-Davidson 1340 Softail Custom,1993,Unspecified category," 3.5  Check out the detailed rating of reliability, maintenance costs, value for money, etc. Compare with any other motorcycle.",1338.0 ccm (81.64 cubic inches),"V2, four-stroke",48.0 HP (35.0  kW)) @ 4900 RPM,86.3 Nm (8.8 kgf-m or 63.7 ft.lbs) @ 2400 RPM,2,5-speed,Single disc,Single disc,287.0 kg (632.7 pounds),0.1672 HP/kg,"678 mm (26.7 inches) If adjustable, lowest setting.",19.70 litres (5.20 US gallons),,,,,,,,,,,,,,,,,,,,,,,,,,,,,,,,,,,,,,,,,,,,,,,,,,,,,
BMW R 80 GS,1993,Unspecified category," 3.6  Check out the detailed rating of reliability, maintenance costs, value for money, etc. Compare with any other motorcycle.",797.0 ccm (48.63 cubic inches),"Two cylinder boxer, four-stroke",50.0 HP (36.5  kW)) @ 6500 RPM,60.8 Nm (6.2 kgf-m or 44.8 ft.lbs) @ 3750 RPM,2,5-speed,Single disc,Expanding brake,194.0 kg (427.7 pounds),0.2577 HP/kg,"850 mm (33.5 inches) If adjustable, lowest setting.",24.00 litres (6.34 US gallons),4.70 litres (1.24 US gallons),,,,,,,,,,,,,,,,,,,,,,,,,,,,,,,,,,,,,,,,,,,,,,,,,,,,
Honda NTV 650,1993,Unspecified category," 3.4  Check out the detailed rating of reliability, maintenance costs, value for money, etc. Compare with any other motorcycle.",647.0 ccm (39.48 cubic inches),"V2, four-stroke",57.0 HP (41.6  kW)) @ 7500 RPM,55.9 Nm (5.7 kgf-m or 41.2 ft.lbs) @ 6500 RPM,3,5-speed,Single disc,Single disc,187.0 kg (412.3 pounds),0.3048 HP/kg,"780 mm (30.7 inches) If adjustable, lowest setting.",19.00 litres (5.02 US gallons),2.50 litres (0.66 US gallons),,,,,,,,,,,,,,,,,,,,,,,,,,,,,,,,,,,,,,,,,,,,,,,,,,,,
Honda VT 600 C,1993,Unspecified category," 3.7  Check out the detailed rating of reliability, maintenance costs, value for money, etc. Compare with any other motorcycle.",583.0 ccm (35.57 cubic inches),"V2, four-stroke",43.0 HP (31.4  kW)) @ 6500 RPM,41.2 Nm (4.2 kgf-m or 30.4 ft.lbs) @ 3500 RPM,4,4-speed,Single disc,Expanding brake,185.0 kg (407.9 pounds),0.2324 HP/kg,"670 mm (26.4 inches) If adjustable, lowest setting.",9.00 litres (2.38 US gallons),1.90 litres (0.50 US gallons),,,,,,,,,,,,,,,,,,,,,,,,,,,,,,,,,,,,,,,,,,,,,,,,,,,,
Suzuki GSX 1100 F,1993,Sport touring," 3.9  See the detailed rating of touring capabilities, reliability, accident risk, etc. Compare with any other motorbike.",1128.0 ccm (68.83 cubic inches),"In-line four, four-stroke",136.0 HP (99.3  kW)) @ 9500 RPM,111.8 Nm (11.4 kgf-m or 82.5 ft.lbs) @ 7000 RPM,4,5-speed,Double disc,Single disc,251.0 kg (553.4 pounds),0.5418 HP/kg,"795 mm (31.3 inches) If adjustable, lowest setting.",21.00 litres (5.55 US gallons),,,Carburettor. Mikuni,,,Oil & air,Chain   (final drive),,,,Electric,,,,,,,10.0:1,,,,,,120/80-16 ,150/80-16 ,,2205 mm (86.8 inches),765 mm (30.1 inches),,1535 mm (60.4 inches),,Telescopic fork,Monoshock,275 mm (10.8 inches),,,,,,,,,,,,,,,,,,,
Honda GL 1500 SE,1993,Unspecified category," 3.0  Check out the detailed rating of reliability, maintenance costs, value for money, etc. Compare with any other motorcycle.",1520.0 ccm (92.75 cubic inches),"Six cylinder boxer, four-stroke",100.0 HP (73.0  kW)) @ 5000 RPM,150.1 Nm (15.3 kgf-m or 110.7 ft.lbs) @ 4000 RPM,2,5-speed,Dual disc,Single disc,366.0 kg (806.9 pounds),0.2732 HP/kg,"765 mm (30.1 inches) If adjustable, lowest setting.",23.00 litres (6.08 US gallons),3.80 litres (1.00 US gallons),,,,,,,,,,,,,,,,,,,,,,,,,,,,,,,,,,,,,,,,,,,,,,,,,,,,
Suzuki GSX-R 1100,1993,Unspecified category," 3.7  Check out the detailed rating of reliability, maintenance costs, value for money, etc. Compare with any other motorcycle.",1074.0 ccm (65.54 cubic inches),"In-line four, four-stroke",155.0 HP (113.1  kW)) @ 10000 RPM,114.7 Nm (11.7 kgf-m or 84.6 ft.lbs) @ 9000 RPM,4,5-speed,Dual disc,Single disc,231.0 kg (509.3 pounds),0.6710 HP/kg,"815 mm (32.1 inches) If adjustable, lowest setting.",21.00 litres (5.55 US gallons),3.00 litres (0.79 US gallons),,,,,,,,,,,,,,,,,,,,,,,,,,,,,,,,,,,,,,,,,,,,,,,,,,,,
Moto Guzzi Mille GT 1000,1993,Unspecified category," 3.0  Check out the detailed rating of reliability, maintenance costs, value for money, etc. Compare with any other motorcycle.",949.0 ccm (57.91 cubic inches),"V2, four-stroke",71.0 HP (51.8  kW)) @ 6600 RPM,78.5 Nm (8.0 kgf-m or 57.9 ft.lbs) @ 3600 RPM,2,5-speed,Dual disc,Single disc,215.0 kg (474.0 pounds),0.3302 HP/kg,"810 mm (31.9 inches) If adjustable, lowest setting.",22.00 litres (5.81 US gallons),3.00 litres (0.79 US gallons),,,,,,,,,,,,,,,,,,,,,,,,,,,,,,,,,,,,,,,,,,,,,,,,,,,,
Yamaha XTZ 660 Ténéré,1993,Unspecified category," 3.6  Check out the detailed rating of reliability, maintenance costs, value for money, etc. Compare with any other motorcycle.",659.0 ccm (40.21 cubic inches),"Single cylinder, four-stroke",48.0 HP (35.0  kW)) @ 6250 RPM,56.9 Nm (5.8 kgf-m or 42.0 ft.lbs) @ 5250 RPM,5,5-speed,Single disc,Single disc,188.0 kg (414.5 pounds),0.2553 HP/kg,"860 mm (33.9 inches) If adjustable, lowest setting.",20.00 litres (5.28 US gallons),3.50 litres (0.92 US gallons),,,,,,,,,,,,,,,,,,,,,,,,,,,,,,,,,,,,,,,,,,,,,,,,,,,,
BMW K 75 RT,1993,Unspecified category," 3.4  Check out the detailed rating of reliability, maintenance costs, value for money, etc. Compare with any other motorcycle.",740.0 ccm (45.15 cubic inches),"In-line three, four-stroke",75.0 HP (54.7  kW)) @ 8500 RPM,68.0 Nm (6.9 kgf-m or 50.1 ft.lbs) @ 6750 RPM,2,5-speed,Dual disc,Single disc,239.0 kg (526.9 pounds),0.3138 HP/kg,"810 mm (31.9 inches) If adjustable, lowest setting.",22.00 litres (5.81 US gallons),,,,,,,,,,,,,,,,,,,,,,,,,,,,,,,,,,,,,,,,,,,,,,,,,,,,,
Jawa-CZ 180,1993,Unspecified category," 2.6  Check out the detailed rating of reliability, maintenance costs, value for money, etc. Compare with any other motorcycle.",176.0 ccm (10.74 cubic inches),"Single cylinder, two-stroke",13.0 HP (9.5  kW)) @ 6500 RPM,,,4-speed,Single disc,Expanding brake,128.0 kg (282.2 pounds),0.1016 HP/kg,,12.50 litres (3.30 US gallons),2.50 litres (0.66 US gallons),,,,,,,,,,,,,,,,,,,,,,,,,,,,,,,,,,,,,,,,,,,,,,,,,,,,
Moto Guzzi V 65,1993,Unspecified category,Do you know this bike?Click here to rate it. We miss 2 votes to show the rating.,643.0 ccm (39.24 cubic inches),"V2, four-stroke",48.0 HP (35.0  kW)) @ 6000 RPM,56.9 Nm (5.8 kgf-m or 42.0 ft.lbs) @ 3000 RPM,2,5-speed,Dual disc,Single disc,170.0 kg (374.8 pounds),0.2824 HP/kg,"740 mm (29.1 inches) If adjustable, lowest setting.",17.00 litres (4.49 US gallons),3.00 litres (0.79 US gallons),,,,,,,,,,,,,,,,,,,,,,,,,,,,,,,,,,,,,,,,,,,,,,,,,,,,
Kawasaki ZZR 600,1993,Unspecified category," 3.7  Check out the detailed rating of reliability, maintenance costs, value for money, etc. Compare with any other motorcycle.",599.0 ccm (36.55 cubic inches),"In-line four, four-stroke",98.0 HP (71.5  kW)) @ 11500 RPM,62.8 Nm (6.4 kgf-m or 46.3 ft.lbs) @ 9500 RPM,4,6-speed,Dual disc,Single disc,195.0 kg (429.9 pounds),0.5026 HP/kg,"770 mm (30.3 inches) If adjustable, lowest setting.",18.00 litres (4.76 US gallons),,,,,,,,,,,,,,,,,,,,,,,,,,,,,,,,,,,,,,,,,,,,,,,,,,,,,
BMW K 1100 RS,1993,Unspecified category," 3.6  Check out the detailed rating of reliability, maintenance costs, value for money, etc. Compare with any other motorcycle.",1092.0 ccm (66.63 cubic inches),"In-line four, four-stroke",100.0 HP (73.0  kW)) @ 7500 RPM,104.9 Nm (10.7 kgf-m or 77.4 ft.lbs) @ 5500 RPM,4,5-speed,Dual disc,Single disc,248.0 kg (546.7 pounds),0.4032 HP/kg,"800 mm (31.5 inches) If adjustable, lowest setting.",22.00 litres (5.81 US gallons),,,,,,,,,,,,,,,,,,,,,,,,,,,,,,,,,,,,,,,,,,,,,,,,,,,,,
Honda NX 650 Dominator,1993,Unspecified category," 3.7  Check out the detailed rating of reliability, maintenance costs, value for money, etc. Compare with any other motorcycle.",644.0 ccm (39.30 cubic inches),"Single cylinder, four-stroke",44.0 HP (32.1  kW)) @ 6000 RPM,52.0 Nm (5.3 kgf-m or 38.3 ft.lbs) @ 5000 RPM,4,5-speed,Single disc,Single disc,153.0 kg (337.3 pounds),0.2876 HP/kg,"880 mm (34.6 inches) If adjustable, lowest setting.",16.00 litres (4.23 US gallons),,,,,,,,,,,,,,,,,,,,,,,,,,,,,,,,,,,,,,,,,,,,,,,,,,,,,
Triumph Daytona 1000,1993,Sport touring," 3.0  See the detailed rating of touring capabilities, reliability, accident risk, etc. Compare with any other motorbike.",998.0 ccm (60.90 cubic inches),"In-line four, four-stroke",,,4,6-speed,Double disc. 4 piston calipers x 2,Single disc. 2 piston sliding caliper (fixed disc),,,,25.00 litres (6.61 US gallons),,241.4 km/h (150.0 mph),Carburettor. 4 x Mikuni  BST 36mm Carbs,Double Overhead Cams/Twin Cam (DOHC),twin coil ´wasted spark´ from ecu,Liquid,Chain   (final drive),Wet Plate,,,Electric,,,,256.0 kg (564.4 pounds),,,11.0:1,76.0 x 55.0 mm (3.0 x 2.2 inches),40 psi (2.76bar) (5000RPM @ 80 degrees C) Wet Sump,4 into 2  (one each side),,,,,,,,,,,,,,,"Micro  Alloyed H.T. Steel,",,,,,,,,,,,,,,,,,
Suzuki RF 600 R,1993,Unspecified category," 3.7  Check out the detailed rating of reliability, maintenance costs, value for money, etc. Compare with any other motorcycle.",600.0 ccm (36.61 cubic inches),"In-line four, four-stroke",105.0 HP (76.6  kW)) @ 11500 RPM,61.8 Nm (6.3 kgf-m or 45.6 ft.lbs) @ 9500 RPM,4,6-speed,Dual disc,Single disc,195.0 kg (429.9 pounds),0.5385 HP/kg,"775 mm (30.5 inches) If adjustable, lowest setting.",17.00 litres (4.49 US gallons),,,,,,,,,,,,,,,,,,,,,,,,,,,,,,,,,,,,,,,,,,,,,,,,,,,,,
Ducati 888 Strada,1993,Unspecified category," 3.3  Check out the detailed rating of reliability, maintenance costs, value for money, etc. Compare with any other motorcycle.",851.0 ccm (51.93 cubic inches),"V2, four-stroke",100.0 HP (73.0  kW)) @ 9000 RPM,77.5 Nm (7.9 kgf-m or 57.1 ft.lbs) @ 6800 RPM,4,6-speed,Dual disc,Single disc,202.0 kg (445.3 pounds),0.4950 HP/kg,"780 mm (30.7 inches) If adjustable, lowest setting.",22.00 litres (5.81 US gallons),5.00 litres (1.32 US gallons),,,,,,,,,,,,,,,,,,,,,,,,,,,,,,,,,,,,,,,,,,,,,,,,,,,,
Yamaha FZR 400 R Genesis,1993,Sport," 3.1  Check out the detailed rating of racing track capabilities, engine performance, accident risk, etc. Compare with any other bike.",400.0 ccm (24.41 cubic inches),"In-line four, four-stroke",,,,6-speed,Double disc,Single disc,,,,18.00 litres (4.76 US gallons),,,Carburettor,,cdi,Air,Chain   (final drive),,,,Electric,,,,225.0 kg (496.0 pounds),,,,,,,,,,,,,,127 mm (5.0 inches),,,,,,,,,,,,,,,,,,,,,,,,
Kawasaki GPX 600 R,1993,Sport touring," 3.0  See the detailed rating of touring capabilities, reliability, accident risk, etc. Compare with any other motorbike.",584.0 ccm (35.64 cubic inches),"In-line four, four-stroke",86.0 HP (62.8  kW)) @ 11000 RPM,,4,6-speed,Double disc. 2-piston calipers,Single disc,,,,18.00 litres (4.76 US gallons),2.00 litres (0.53 US gallons),220.0 km/h (136.7 mph),,Double Overhead Cams/Twin Cam (DOHC),,Liquid,Chain   (final drive),,5.00 litres/100 km (20.0 km/l or 47.04 mpg),116.0 CO2 g/km. (CO2 - Carbon dioxide emission) ,Electric,,,4.00 seconds,208.0 kg (458.6 pounds),,,11.0:1,,,4 in 2 Exhaust,,,110/80-V16 ,130/90-V16 ,,,,,,,Anti-dive pneumatic/hydraulic,Monoshock 4-step adjustable strength,250 mm (9.8 inches),12000,,140 mm (5.5 inches),130 mm (5.1 inches),,,,,,,,,,,,,,,
Suzuki GSX 600 F Katana,1993,Sport touring," 3.4  See the detailed rating of touring capabilities, reliability, accident risk, etc. Compare with any other motorbike.",599.0 ccm (36.55 cubic inches),"In-line four, four-stroke",86.0 HP (62.8  kW)) @ 11000 RPM,58.0 Nm (5.9 kgf-m or 42.8 ft.lbs) @ 9500 RPM,4,,,,202.0 kg (445.3 pounds),0.4257 HP/kg,"785 mm (30.9 inches) If adjustable, lowest setting.",,,,,Double Overhead Cams/Twin Cam (DOHC),,Oil & air,,,,,,GSX600FP (frame numbers GN72A-118194 to GN72A-121464),,,,,,,,,,,,,,1195 mm (47.0 inches),2135 mm (84.1 inches),745 mm (29.3 inches),140 mm (5.5 inches),1470 mm (57.9 inches),,,,,,,,,,,,,,,,,,,,,,,
Yamaha FZR 600,1993,Unspecified category," 3.7  Check out the detailed rating of reliability, maintenance costs, value for money, etc. Compare with any other motorcycle.",599.0 ccm (36.55 cubic inches),"In-line four, four-stroke",91.0 HP (66.4  kW)) @ 10500 RPM,67.7 Nm (6.9 kgf-m or 49.9 ft.lbs) @ 8500 RPM,4,6-speed,Dual disc,Single disc,181.0 kg (399.0 pounds),0.5028 HP/kg,"785 mm (30.9 inches) If adjustable, lowest setting.",18.00 litres (4.76 US gallons),3.40 litres (0.90 US gallons),,,,,,,,,,,,,,,,,,,,,,,,,,,,,,,,,,,,,,,,,,,,,,,,,,,,
Suzuki LS 650 Savage,1993,Unspecified category," 3.3  Check out the detailed rating of reliability, maintenance costs, value for money, etc. Compare with any other motorcycle.",652.0 ccm (39.79 cubic inches),"Single cylinder, four-stroke",31.0 HP (22.6  kW)) @ 5400 RPM,50.0 Nm (5.1 kgf-m or 36.9 ft.lbs) @ 3000 RPM,4,5-speed,Single disc,Expanding brake,160.0 kg (352.7 pounds),0.1938 HP/kg,"700 mm (27.6 inches) If adjustable, lowest setting.",10.50 litres (2.77 US gallons),,,,,,,,,,,,,,,,,,,,,,,,,,,,,,,,,,,,,,,,,,,,,,,,,,,,,
Honda CB 1000 Big 1,1993,Unspecified category," 3.4  Check out the detailed rating of reliability, maintenance costs, value for money, etc. Compare with any other motorcycle.",988.0 ccm (60.29 cubic inches),"In-line four, four-stroke",96.5 HP (70.4  kW)) @ 8500 RPM,87.3 Nm (8.9 kgf-m or 64.4 ft.lbs) @ 6000 RPM,4,5-speed,Dual disc,Single disc,235.0 kg (518.1 pounds),0.4106 HP/kg,"770 mm (30.3 inches) If adjustable, lowest setting.",22.00 litres (5.81 US gallons),,,,,,,,,,,,,,,,,,,,,,,,,,,,,,,,,,,,,,,,,,,,,,,,,,,,,
Jawa T 350,1993,Unspecified category," 3.9  Check out the detailed rating of reliability, maintenance costs, value for money, etc. Compare with any other motorcycle.",343.0 ccm (20.93 cubic inches),"Twin, two-stroke",27.0 HP (19.7  kW)) @ 5500 RPM,35.3 Nm (3.6 kgf-m or 26.0 ft.lbs) @ 5250 RPM,,4-speed,Single disc,Expanding brake,149.0 kg (328.5 pounds),0.1812 HP/kg,"810 mm (31.9 inches) If adjustable, lowest setting.",17.00 litres (4.49 US gallons),2.50 litres (0.66 US gallons),,,,,,,,,,,,,,,,,,,,,,,,,,,,,,,,,,,,,,,,,,,,,,,,,,,,
Honda XL 600 V Transalp,1993,Unspecified category," 3.6  Check out the detailed rating of reliability, maintenance costs, value for money, etc. Compare with any other motorcycle.",583.0 ccm (35.57 cubic inches),"V2, four-stroke",50.0 HP (36.5  kW)) @ 8000 RPM,52.0 Nm (5.3 kgf-m or 38.3 ft.lbs) @ 6000 RPM,3,5-speed,Single disc,Single disc,183.0 kg (403.4 pounds),0.2732 HP/kg,"850 mm (33.5 inches) If adjustable, lowest setting.",17.00 litres (4.49 US gallons),3.70 litres (0.98 US gallons),,,,,,,,,,,,,,,,,,,,,,,,,,,,,,,,,,,,,,,,,,,,,,,,,,,,
Suzuki VS 1400 Intruder,1993,Unspecified category," 3.6  Check out the detailed rating of reliability, maintenance costs, value for money, etc. Compare with any other motorcycle.",1360.0 ccm (82.99 cubic inches),"V2, four-stroke",71.0 HP (51.8  kW)) @ 4800 RPM,112.8 Nm (11.5 kgf-m or 83.2 ft.lbs) @ 3200 RPM,3,5-speed,Single disc,Single disc,243.0 kg (535.7 pounds),0.2922 HP/kg,"725 mm (28.5 inches) If adjustable, lowest setting.",13.00 litres (3.43 US gallons),3.00 litres (0.79 US gallons),,,,,,,,,,,,,,,,,,,,,,,,,,,,,,,,,,,,,,,,,,,,,,,,,,,,
Harley-Davidson 1340 Softail Springer,1993,Unspecified category," 2.8  Check out the detailed rating of reliability, maintenance costs, value for money, etc. Compare with any other motorcycle.",1338.0 ccm (81.64 cubic inches),"V2, four-stroke",48.0 HP (35.0  kW)) @ 4900 RPM,86.3 Nm (8.8 kgf-m or 63.7 ft.lbs) @ 2400 RPM,2,5-speed,Single disc,Single disc,287.0 kg (632.7 pounds),0.1672 HP/kg,"663 mm (26.1 inches) If adjustable, lowest setting.",15.90 litres (4.20 US gallons),,,,,,,,,,,,,,,,,,,,,,,,,,,,,,,,,,,,,,,,,,,,,,,,,,,,,
Yamaha XV 750 Virago,1993,Unspecified category," 3.7  Check out the detailed rating of reliability, maintenance costs, value for money, etc. Compare with any other motorcycle.",748.0 ccm (45.64 cubic inches),"V2, four-stroke",55.0 HP (40.1  kW)) @ 7000 RPM,58.8 Nm (6.0 kgf-m or 43.4 ft.lbs) @ 6000 RPM,2,5-speed,Dual disc,Expanding brake,211.0 kg (465.2 pounds),0.2607 HP/kg,"724 mm (28.5 inches) If adjustable, lowest setting.",14.00 litres (3.70 US gallons),,,,,,,,,,,,,,,,,,,,,,,,,,,,,,,,,,,,,,,,,,,,,,,,,,,,,
BMW K 75 S,1993,Unspecified category," 3.1  Check out the detailed rating of reliability, maintenance costs, value for money, etc. Compare with any other motorcycle.",740.0 ccm (45.15 cubic inches),"In-line three, four-stroke",75.0 HP (54.7  kW)) @ 8500 RPM,68.0 Nm (6.9 kgf-m or 50.1 ft.lbs) @ 6750 RPM,2,5-speed,Dual disc,Single disc,216.0 kg (476.2 pounds),0.3472 HP/kg,"810 mm (31.9 inches) If adjustable, lowest setting.",25.00 litres (6.61 US gallons),2.00 litres (0.53 US gallons),,,,,,,,,,,,,,,,,,,,,,,,,,,,,,,,,,,,,,,,,,,,,,,,,,,,
Suzuki GN 250,1993,Unspecified category," 3.4  Check out the detailed rating of reliability, maintenance costs, value for money, etc. Compare with any other motorcycle.",249.0 ccm (15.19 cubic inches),"Single cylinder, four-stroke",22.0 HP (16.1  kW)) @ 8500 RPM,19.6 Nm (2.0 kgf-m or 14.5 ft.lbs) @ 5500 RPM,4,5-speed,Single disc,Expanding brake,129.0 kg (284.4 pounds),0.1705 HP/kg,"740 mm (29.1 inches) If adjustable, lowest setting.",10.30 litres (2.72 US gallons),,,,,,,,,,,,,,,,,,,,,,,,,,,,,,,,,,,,,,,,,,,,,,,,,,,,,
Gilera Apache 125,1993,Enduro / offroad," 3.2  Check out the detailed rating of off-road capabilities, engine performance, maintenance cost, etc. Compare with any other bike.",125.0 ccm (7.63 cubic inches),"Single cylinder, two-stroke",30.0 HP (21.9  kW)) @ 9000 RPM,,,5-speed,Single disc,Single disc,,,,,,152.9 km/h (95.0 mph),Carburettor,,Electric  and  Kick start,Liquid,Chain   (final drive),,,,Electric & kick,These bikes were made in the early 90´s and then Gilera went bust. Most of them sat in a warehouse in Italy until early this century when 85 were brought to the UK. Early ones were registered on an L plate but later bikes were registered on 51/52 plates.Its 30bhp 2 stroke with power valve. loads of fun and very quick but reliability not great and parts can be difficult to get. Mine was smashed up by the guy I sold it too. Still the favourite bike I ever owned.,,,,Blue or red,,,,,,,,-21 ,-19 ,,,,,,,,,,,,,,,,,,,,,,,,,,,,
Yamaha YZF 750 R,1993,Unspecified category," 3.8  Check out the detailed rating of reliability, maintenance costs, value for money, etc. Compare with any other motorcycle.",749.0 ccm (45.70 cubic inches),"In-line four, four-stroke",125.0 HP (91.2  kW)) @ 12000 RPM,78.5 Nm (8.0 kgf-m or 57.9 ft.lbs) @ 9500 RPM,5,6-speed,Dual disc,Single disc,195.0 kg (429.9 pounds),0.6410 HP/kg,"795 mm (31.3 inches) If adjustable, lowest setting.",19.00 litres (5.02 US gallons),,,,,,,,,,,,,,,,,,,,,,,,,,,,,,,,,,,,,,,,,,,,,,,,,,,,,
Honda CBR 1000 F,1993,Unspecified category," 4.1  Check out the detailed rating of reliability, maintenance costs, value for money, etc. Compare with any other motorcycle.",998.0 ccm (60.90 cubic inches),"In-line four, four-stroke",135.0 HP (98.5  kW)) @ 9500 RPM,104.0 Nm (10.6 kgf-m or 76.7 ft.lbs) @ 8500 RPM,4,6-speed,Dual disc,Single disc,235.0 kg (518.1 pounds),0.5745 HP/kg,"775 mm (30.5 inches) If adjustable, lowest setting.",21.00 litres (5.55 US gallons),3.50 litres (0.92 US gallons),,,,,,,,,,,,,,,,,,,,,,,,,,,,,,,,,,,,,,,,,,,,,,,,,,,,
KTM Enduro 600,1993,Unspecified category," 3.2  Check out the detailed rating of reliability, maintenance costs, value for money, etc. Compare with any other motorcycle.",553.0 ccm (33.74 cubic inches),"Single cylinder, four-stroke",27.0 HP (19.7  kW)),,4,5-speed,Single disc,Single disc,,,"930 mm (36.6 inches) If adjustable, lowest setting.",9.00 litres (2.38 US gallons),2.00 litres (0.53 US gallons),,,,,,,,,,,,,,,,,,,,,,,,,,,,,,,,,,,,,,,,,,,,,,,,,,,,
Gilera Nordwest,1993,Super motard," 2.7  Check out the detailed rating of off-road capabilities, engine performance, maintenance cost, etc. Compare with any other bike.",558.0 ccm (34.05 cubic inches),"Single cylinder, four-stroke",46.0 HP (33.6  kW)) @ 7000 RPM,,4,5-speed,,Single disc,,,,,,,Carburettor,Double Overhead Cams/Twin Cam (DOHC),,Liquid,Chain   (final drive),,,,,,,,,Multi,,10.5:1,,,,,,,,,,,,,,usd  forks,mono shock oil filled,,8000,steel,,,,,,,,,,,,,,,,,
Yamaha XJ 600 Diversion,1993,Unspecified category," 3.7  Check out the detailed rating of reliability, maintenance costs, value for money, etc. Compare with any other motorcycle.",599.0 ccm (36.55 cubic inches),"In-line four, four-stroke",50.0 HP (36.5  kW)) @ 7500 RPM,49.0 Nm (5.0 kgf-m or 36.2 ft.lbs) @ 4000 RPM,2,6-speed,Single disc,Single disc,187.0 kg (412.3 pounds),0.2674 HP/kg,"780 mm (30.7 inches) If adjustable, lowest setting.",17.00 litres (4.49 US gallons),3.50 litres (0.92 US gallons),,,,,,,,,,,,,,,,,,,,,,,,,,,,,,,,,,,,,,,,,,,,,,,,,,,,
Yamaha XV 1100 Virago,1993,Unspecified category," 3.8  Check out the detailed rating of reliability, maintenance costs, value for money, etc. Compare with any other motorcycle.",1063.0 ccm (64.86 cubic inches),"V2, four-stroke",62.0 HP (45.3  kW)) @ 6000 RPM,85.3 Nm (8.7 kgf-m or 62.9 ft.lbs) @ 3000 RPM,2,5-speed,Dual disc,Expanding brake,221.0 kg (487.2 pounds),0.2805 HP/kg,"715 mm (28.1 inches) If adjustable, lowest setting.",17.00 litres (4.49 US gallons),3.00 litres (0.79 US gallons),,,,,,,,,,,,,,,,,,,,,,,,,,,,,,,,,,,,,,,,,,,,,,,,,,,,
Moto Guzzi 1000 S,1993,Unspecified category," 3.5  Check out the detailed rating of reliability, maintenance costs, value for money, etc. Compare with any other motorcycle.",949.0 ccm (57.91 cubic inches),"V2, four-stroke",82.0 HP (59.9  kW)) @ 7500 RPM,78.5 Nm (8.0 kgf-m or 57.9 ft.lbs) @ 3250 RPM,2,5-speed,Dual disc,Single disc,215.0 kg (474.0 pounds),0.3814 HP/kg,"780 mm (30.7 inches) If adjustable, lowest setting.",24.00 litres (6.34 US gallons),3.00 litres (0.79 US gallons),,,,,,,,,,,,,,,,,,,,,,,,,,,,,,,,,,,,,,,,,,,,,,,,,,,,
Aprilia Pegaso 650,1993,Allround," 3.5  Check out the detailed rating of reliability, maintenance costs, value for money, etc. Compare with any other motorcycle.",652.0 ccm (39.79 cubic inches),"Single cylinder, four-stroke",48.0 HP (35.0  kW)) @ 6250 RPM,59.0 Nm (6.0 kgf-m or 43.5 ft.lbs),5,5-speed,Single disc. Two-piston calipers. ,Single disc. Single-piston caliper. ,160.0 kg (352.7 pounds),0.3000 HP/kg,"846 mm (33.3 inches) If adjustable, lowest setting.",14.00 litres (3.70 US gallons),,160.0 km/h (99.4 mph),Carburettor. Unleaded,Double Overhead Cams/Twin Cam (DOHC),CDI Nippon Denso,Liquid,Chain   (final drive),Multidisc In Oil Bath,5.22 litres/100 km (19.2 km/l or 45.06 mpg),121.1 CO2 g/km. (CO2 - Carbon dioxide emission) ,Electric,,,,200.0 kg (440.9 pounds),,,9.0:1,100.0 x 83.0 mm (3.9 x 3.3 inches),Dry Sump,,,,100/90-19 ,140/70-17 ,840 mm (33.1 inches),2180 mm (85.8 inches),880 mm (34.6 inches),200 mm (7.9 inches),1480 mm (58.3 inches),2.00 litres (2.11 US quarts),Hydraulic Upside Down,Hydraulic Mono Shock,220 mm (8.7 inches),7500,Composite Structure Of Steel And Alloy,180 mm (7.1 inches),210 mm (8.3 inches),"1,7 L. SAE 10W-50",DOT 4,2.00 litres (0.53 US gallons),"NGK D8EA, NGK DR8EIX",1400  RPM,16/47 (front/rear),25 PSI (1.7 Bar or 170 kPa),28 PSI (1.9 Bar or 190 kPa),41 mm (1.6 inches),,,,,,
Suzuki GS 500 E,1993,Naked bike," 3.2  See the detailed rating of engine performance, design and look, accident risk, etc. Compare with any other motorcycle.",487.0 ccm (29.72 cubic inches),"Twin, four-stroke",46.0 HP (33.6  kW)) @ 9000 RPM,40.0 Nm (4.1 kgf-m or 29.5 ft.lbs) @ 7400 RPM,,6-speed,Single disc,Single disc,,,,,,,Carburettor,,,,Chain   (final drive),,5.00 litres/100 km (20.0 km/l or 47.04 mpg),116.0 CO2 g/km. (CO2 - Carbon dioxide emission) ,Electric,,,,,,,9.0:1,74.0 x 56.6 mm (2.9 x 2.2 inches),,,,,,,,,,,,,,,,,,,,,,,,,,,,,,,,,,
Moto Guzzi California III I,1993,Unspecified category," 3.5  Check out the detailed rating of reliability, maintenance costs, value for money, etc. Compare with any other motorcycle.",949.0 ccm (57.91 cubic inches),"V2, four-stroke",65.0 HP (47.4  kW)) @ 6700 RPM,80.4 Nm (8.2 kgf-m or 59.3 ft.lbs) @ 3000 RPM,2,5-speed,Dual disc,Single disc,250.0 kg (551.2 pounds),0.2600 HP/kg,"770 mm (30.3 inches) If adjustable, lowest setting.",25.00 litres (6.61 US gallons),3.00 litres (0.79 US gallons),,,,,,,,,,,,,,,,,,,,,,,,,,,,,,,,,,,,,,,,,,,,,,,,,,,,
Suzuki RGV 250,1993,Sport," 3.6  Check out the detailed rating of racing track capabilities, engine performance, accident risk, etc. Compare with any other bike.",249.0 ccm (15.19 cubic inches),"V2, two-stroke",62.0 HP (45.3  kW)) @ 11000 RPM,39.0 Nm (4.0 kgf-m or 28.8 ft.lbs) @ 11000 RPM,,6-speed,Double disc,Single disc,139.3 kg (307.1 pounds),0.4451 HP/kg,,16.00 litres (4.23 US gallons),,,,,,Liquid,Chain   (final drive),,,,Electric,,,,,,,,56.0 x 50.6 mm (2.2 x 2.0 inches),,,,,110/70-17 ,150/60-17 ,,,,,1380 mm (54.3 inches),,,,210 mm (8.3 inches),,,,,,,,,,,,,,,,,,,
Kawasaki Zephyr 750,1993,Sport," 3.5  Check out the detailed rating of racing track capabilities, engine performance, accident risk, etc. Compare with any other bike.",739.0 ccm (45.09 cubic inches),"In-line four, four-stroke",72.0 HP (52.6  kW)) @ 9500 RPM,58.8 Nm (6.0 kgf-m or 43.4 ft.lbs) @ 7300 RPM,2,5-speed,Double disc. Two-piston calipers. ,Single disc. Single-piston caliper. ,201.0 kg (443.1 pounds),0.3582 HP/kg,"780 mm (30.7 inches) If adjustable, lowest setting.",17.00 litres (4.49 US gallons),5.00 litres (1.32 US gallons),202.0 km/h (125.5 mph),Carburettor. 4 x 32mm Keihin,Double Overhead Cams/Twin Cam (DOHC),Analogue CDI ,Air,Chain   (final drive),"Wet, multiple discs, cable operated",6.06 litres/100 km (16.5 km/l or 38.82 mpg),140.6 CO2 g/km. (CO2 - Carbon dioxide emission) ,Electric,"Area code EU,UK,FR,AR,FG,GR,IT,NR,SP,ST:  
frame range ZR750C 035001 - ZR750C 040000  
engine range KZ750EE 150001 - KZ750EE 999999  
Area code US,CAL,CA:  
frame range JKAZRDC1_PA 035001 - JKAZRDC1_PA 999999, engine range KZ750EE 150001 - KZ750EE 999999",,,220.0 kg (485.0 pounds),,,9.5:1,66.0 x 54.0 mm (2.6 x 2.1 inches),Wet sump,,,,120/70-VR17 ,150/70-VR17 ,,,,,1455 mm (57.3 inches),,41mm Telescopic forks no adjustmen,"Dual gas shocks adjustable for preload, rebound, and compression.",230 mm (9.1 inches),,,140 mm (5.5 inches),115 mm (4.5 inches),,,,,,,,,,,,,,,
Yamaha RD 350R YPVS,1993,Sport," 3.1  Check out the detailed rating of racing track capabilities, engine performance, accident risk, etc. Compare with any other bike.",350.0 ccm (21.36 cubic inches),"Twin, two-stroke",,,,6-speed,Double disc,Single disc,,,,,,,Carburettor,Port control,,Liquid,,,,,Kick,,,,,,,,,,,,,,,,,,,,,,,,,,,,,,,,,,,,,,,,,,
Harley-Davidson 1340 Electra Glide Sport,1993,Unspecified category," 3.6  Check out the detailed rating of reliability, maintenance costs, value for money, etc. Compare with any other motorcycle.",1338.0 ccm (81.64 cubic inches),"V2, four-stroke",60.0 HP (43.8  kW)) @ 5000 RPM,94.2 Nm (9.6 kgf-m or 69.4 ft.lbs) @ 3600 RPM,2,5-speed,Dual disc,Single disc,318.0 kg (701.1 pounds),0.1887 HP/kg,"711 mm (28.0 inches) If adjustable, lowest setting.",18.90 litres (4.99 US gallons),,,,,,,,,,,,,,,,,,,,,,,,,,,,,,,,,,,,,,,,,,,,,,,,,,,,,
Britten V1000,1993,Sport,Do you know this bike?Click here to rate it. We miss 1 vote to show the rating.,999.0 ccm (60.96 cubic inches),"V2, four-stroke",166.0 HP (121.2  kW)) @ 11800 RPM,,4,5-speed,Double disc,Single disc,,,,24.00 litres (6.34 US gallons),,303.0 km/h (188.3 mph),Injection,,,Liquid,Chain   (final drive),Back torque dry clutch,,,,Hand built racing cycles made in New Zealand by John Britten. A total of 10 machines where built 1991-1998.,,,138.0 kg (304.2 pounds),Blue/red/white,,11.3:1,98.9 x 65.0 mm (3.9 x 2.6 inches),,,,,3.00-17 ,6.00-17 ,,,,,1420 mm (55.9 inches),,Double wishbone,Swing arm with adjustable linkage,210 mm (8.3 inches),12500,,,,,,,,,,,,,,,,,,
Honda CBR 900 RR Fireblade,1993,Unspecified category," 3.8  Check out the detailed rating of reliability, maintenance costs, value for money, etc. Compare with any other motorcycle.",893.0 ccm (54.49 cubic inches),"In-line four, four-stroke",124.0 HP (90.5  kW)) @ 10500 RPM,88.3 Nm (9.0 kgf-m or 65.1 ft.lbs) @ 8500 RPM,4,6-speed,Dual disc,Single disc,185.0 kg (407.9 pounds),0.6703 HP/kg,"770 mm (30.3 inches) If adjustable, lowest setting.",18.00 litres (4.76 US gallons),3.80 litres (1.00 US gallons),,,,,,,,,,,,,,,,,,,,,,,,,,,,,,,,,,,,,,,,,,,,,,,,,,,,
Gilera RC 600 R,1993,Enduro / offroad," 3.4  Check out the detailed rating of off-road capabilities, engine performance, maintenance cost, etc. Compare with any other bike.",558.0 ccm (34.05 cubic inches),"Single cylinder, four-stroke",54.5 HP (39.8  kW)) @ 7500 RPM,,4,5-speed,Single disc. 2-piston calipers,Single disc,138.0 kg (304.2 pounds),0.3949 HP/kg,"920 mm (36.2 inches) If adjustable, lowest setting.",12.00 litres (3.17 US gallons),1.00 litres (0.26 US gallons),167.0 km/h (103.8 mph),"Carburettor. 2 Teikei 30mm, one constant speed",Double Overhead Cams/Twin Cam (DOHC),,Liquid,Chain   (final drive),,8.00 litres/100 km (12.5 km/l or 29.40 mpg),185.6 CO2 g/km. (CO2 - Carbon dioxide emission) ,Electric & kick,Takasago Excel rings,,,,,"This is the R model, with electric starter with automatic decompression.",10.5:1,,,,,,90/90-21 ,120/90-18 ,1280 mm (50.4 inches),2200 mm (86.6 inches),920 mm (36.2 inches),,1480 mm (58.3 inches),,Kayaba 46mm multi adjustable,Kayaba mono multi adjustable,220 mm (8.7 inches),,,290 mm (11.4 inches),295 mm (11.6 inches),,,,,,,,,,,,,,,
Yamaha VMX 1200,1993,Unspecified category," 3.2  Check out the detailed rating of reliability, maintenance costs, value for money, etc. Compare with any other motorcycle.",1198.0 ccm (73.10 cubic inches),"V4, four-stroke",100.0 HP (73.0  kW)) @ 7500 RPM,114.7 Nm (11.7 kgf-m or 84.6 ft.lbs) @ 6000 RPM,4,5-speed,Dual disc,Single disc,258.0 kg (568.8 pounds),0.3876 HP/kg,"765 mm (30.1 inches) If adjustable, lowest setting.",15.00 litres (3.96 US gallons),,,,,,,,,,,,,,,,,,,,,,,,,,,,,,,,,,,,,,,,,,,,,,,,,,,,,
Yamaha XV 535,1993,Unspecified category," 3.7  Check out the detailed rating of reliability, maintenance costs, value for money, etc. Compare with any other motorcycle.",535.0 ccm (32.65 cubic inches),"V2, four-stroke",46.0 HP (33.6  kW)) @ 7500 RPM,47.1 Nm (4.8 kgf-m or 34.7 ft.lbs) @ 6000 RPM,2,5-speed,Single disc,Expanding brake,182.0 kg (401.2 pounds),0.2527 HP/kg,"700 mm (27.6 inches) If adjustable, lowest setting.",13.50 litres (3.57 US gallons),2.00 litres (0.53 US gallons),,,,,,,,,,,,,,,,,,,,,,,,,,,,,,,,,,,,,,,,,,,,,,,,,,,,
Ducati 750 SS,1993,Unspecified category," 3.5  Check out the detailed rating of reliability, maintenance costs, value for money, etc. Compare with any other motorcycle.",748.0 ccm (45.64 cubic inches),"V2, four-stroke",66.0 HP (48.2  kW)) @ 8500 RPM,70.6 Nm (7.2 kgf-m or 52.1 ft.lbs) @ 6500 RPM,2,5-speed,Single disc,Single disc,173.0 kg (381.4 pounds),0.3815 HP/kg,"810 mm (31.9 inches) If adjustable, lowest setting.",17.50 litres (4.62 US gallons),4.00 litres (1.06 US gallons),,,,,,,,,,,,,,,,,,,,,,,,,,,,,,,,,,,,,,,,,,,,,,,,,,,,
BMW R 80 R,1993,Unspecified category," 3.3  Check out the detailed rating of reliability, maintenance costs, value for money, etc. Compare with any other motorcycle.",797.0 ccm (48.63 cubic inches),"Two cylinder boxer, four-stroke",50.0 HP (36.5  kW)) @ 6500 RPM,56.9 Nm (5.8 kgf-m or 42.0 ft.lbs) @ 4000 RPM,2,5-speed,Single disc,Expanding brake,196.0 kg (432.1 pounds),0.2551 HP/kg,"800 mm (31.5 inches) If adjustable, lowest setting.",24.00 litres (6.34 US gallons),4.70 litres (1.24 US gallons),,,,,,,,,,,,,,,,,,,,,,,,,,,,,,,,,,,,,,,,,,,,,,,,,,,,
Harley-Davidson 1340 Softail Heritage Custom,1993,Unspecified category," 3.2  Check out the detailed rating of reliability, maintenance costs, value for money, etc. Compare with any other motorcycle.",1338.0 ccm (81.64 cubic inches),"V2, four-stroke",48.0 HP (35.0  kW)) @ 4900 RPM,86.3 Nm (8.8 kgf-m or 63.7 ft.lbs) @ 2400 RPM,2,5-speed,Single disc,Single disc,326.0 kg (718.7 pounds),0.1472 HP/kg,"670 mm (26.4 inches) If adjustable, lowest setting.",15.90 litres (4.20 US gallons),,,,,,,,,,,,,,,,,,,,,,,,,,,,,,,,,,,,,,,,,,,,,,,,,,,,,
Moto Guzzi Daytona,1993,Unspecified category," 3.3  Check out the detailed rating of reliability, maintenance costs, value for money, etc. Compare with any other motorcycle.",992.0 ccm (60.53 cubic inches),"V2, four-stroke",95.0 HP (69.3  kW)) @ 8000 RPM,98.1 Nm (10.0 kgf-m or 72.3 ft.lbs) @ 6000 RPM,4,5-speed,Dual disc,Single disc,205.0 kg (451.9 pounds),0.4634 HP/kg,"730 mm (28.7 inches) If adjustable, lowest setting.",25.00 litres (6.61 US gallons),3.00 litres (0.79 US gallons),,,,,,,,,,,,,,,,,,,,,,,,,,,,,,,,,,,,,,,,,,,,,,,,,,,,
Suzuki VS 800 Intruder,1993,Unspecified category," 3.7  Check out the detailed rating of reliability, maintenance costs, value for money, etc. Compare with any other motorcycle.",805.0 ccm (49.12 cubic inches),"V2, four-stroke",60.0 HP (43.8  kW)) @ 7500 RPM,68.7 Nm (7.0 kgf-m or 50.6 ft.lbs) @ 5500 RPM,4,5-speed,Single disc,Expanding brake,200.0 kg (440.9 pounds),0.3000 HP/kg,"755 mm (29.7 inches) If adjustable, lowest setting.",12.00 litres (3.17 US gallons),3.00 litres (0.79 US gallons),,,,,,,,,,,,,,,,,,,,,,,,,,,,,,,,,,,,,,,,,,,,,,,,,,,,
Ducati 888 SP5,1993,Sport," 3.3  Check out the detailed rating of racing track capabilities, engine performance, accident risk, etc. Compare with any other bike.",888.0 ccm (54.19 cubic inches),"Twin, four-stroke",118.0 HP (86.1  kW)) @ 10500 RPM,88.0 Nm (9.0 kgf-m or 64.9 ft.lbs) @ 8000 RPM,4,6-speed,Double disc. 4-piston calipers,Single disc. 2-piston caliper,188.0 kg (414.5 pounds),0.6277 HP/kg,"760 mm (29.9 inches) If adjustable, lowest setting.",19.00 litres (5.02 US gallons),,260.0 km/h (161.6 mph),Injection. Weber I.A.W  Twin injector,Desmodromic valve control,Weber I.A.W -,Liquid,Chain   (final drive),Dry plate,5.81 litres/100 km (17.2 km/l or 40.49 mpg),134.8 CO2 g/km. (CO2 - Carbon dioxide emission) ,Electric,,,,,Red,,11.0:1,94.0 x 64.0 mm (3.7 x 2.5 inches),Wet sump,Double carbon pipes,24.0°,,120/70-ZR17 ,180/55-ZR17 ,1120 mm (44.1 inches),2000 mm (78.7 inches),670 mm (26.4 inches),150 mm (5.9 inches),1430 mm (56.3 inches),,Showa GD061-USD,Ohlins DU8071 Monoshock,245 mm (9.6 inches),11000,Tubular Chrom-Molybdenium steel,120 mm (4.7 inches),65 mm (2.6 inches),,,,,,,,,,10.57 seconds,,,,,
Honda ST 1100 Pan European,1993,Unspecified category," 3.9  Check out the detailed rating of reliability, maintenance costs, value for money, etc. Compare with any other motorcycle.",1084.0 ccm (66.15 cubic inches),"V4, four-stroke",100.0 HP (73.0  kW)) @ 7500 RPM,110.8 Nm (11.3 kgf-m or 81.7 ft.lbs) @ 6000 RPM,4,5-speed,Dual disc,Single disc,279.0 kg (615.1 pounds),0.3584 HP/kg,"800 mm (31.5 inches) If adjustable, lowest setting.",28.00 litres (7.40 US gallons),5.00 litres (1.32 US gallons),,,,,,,,,,,,,,,,,,,,,,,,,,,,,,,,,,,,,,,,,,,,,,,,,,,,
Cagiva 900 I.E. GT,1993,Unspecified category," 3.3  Check out the detailed rating of reliability, maintenance costs, value for money, etc. Compare with any other motorcycle.",904.0 ccm (55.16 cubic inches),"V2, four-stroke",68.0 HP (49.6  kW)) @ 8000 RPM,70.6 Nm (7.2 kgf-m or 52.1 ft.lbs) @ 5000 RPM,2,6-speed,Single disc,Single disc,204.0 kg (449.7 pounds),0.3333 HP/kg,"840 mm (33.1 inches) If adjustable, lowest setting.",24.00 litres (6.34 US gallons),4.00 litres (1.06 US gallons),,,,,,,,,,,,,,,,,,,,,,,,,,,,,,,,,,,,,,,,,,,,,,,,,,,,
Yamaha FJ 1200,1993,Unspecified category," 3.9  Check out the detailed rating of reliability, maintenance costs, value for money, etc. Compare with any other motorcycle.",1188.0 ccm (72.49 cubic inches),"In-line four, four-stroke",130.0 HP (94.9  kW)) @ 9000 RPM,107.9 Nm (11.0 kgf-m or 79.6 ft.lbs) @ 7500 RPM,4,5-speed,Dual disc,Single disc,243.0 kg (535.7 pounds),0.5350 HP/kg,"790 mm (31.1 inches) If adjustable, lowest setting.",22.00 litres (5.81 US gallons),5.00 litres (1.32 US gallons),,,,,,,,,,,,,,,,,,,,,,,,,,,,,,,,,,,,,,,,,,,,,,,,,,,,
Harley-Davidson 1340 Electra Glide Classic,1993,Unspecified category," 3.3  Check out the detailed rating of reliability, maintenance costs, value for money, etc. Compare with any other motorcycle.",1338.0 ccm (81.64 cubic inches),"V2, four-stroke",60.0 HP (43.8  kW)) @ 5000 RPM,94.2 Nm (9.6 kgf-m or 69.4 ft.lbs) @ 3600 RPM,2,5-speed,Dual disc,Single disc,340.0 kg (749.6 pounds),0.1765 HP/kg,"711 mm (28.0 inches) If adjustable, lowest setting.",18.90 litres (4.99 US gallons),,,,,,,,,,,,,,,,,,,,,,,,,,,,,,,,,,,,,,,,,,,,,,,,,,,,,
Harley-Davidson 1340 Softail Fat Boy,1993,Custom / cruiser," 2.6  See the detailed rating of design and look, maintenance cost, engine performance, etc. Compare with any other bike.",1338.0 ccm (81.64 cubic inches),"V2, four-stroke",48.0 HP (35.0  kW)) @ 4900 RPM,86.3 Nm (8.8 kgf-m or 63.7 ft.lbs) @ 2400 RPM,2,5-speed,Single disc. Four-piston calipers. ,Single disc. Two-piston calipers. ,298.0 kg (657.0 pounds),0.1611 HP/kg,"673 mm (26.5 inches) If adjustable, lowest setting.",15.90 litres (4.20 US gallons),,,Injection. Electronic Sequential Port Fuel Injection (ESPFI),,,Air,Belt   (final drive),"Wet multi-disc, manual",,,Electric,,,,304.0 kg (670.2 pounds),,,9.6:1,99.1 x 99.1 mm (3.9 x 3.9 inches),,,,,140/75-R17 ,200/55-R17 ,,2395 mm (94.3 inches),,,1636 mm (64.4 inches),2.80 litres (2.96 US quarts),Telescopic fork,Dual shocks,,,,,,SAE 20W-50,DOT 5 Silicone,,NGK BPR5ES-11,1000  +/- 50  RPM,,36 PSI (2.5 Bar or 250 kPa),36 PSI (2.5 Bar or 250 kPa),41 mm (1.6 inches),,Front:,K & N PG Black - KN-170,YTX20L-BS,128,1 1/2 in
Kawasaki EN 500,1993,Unspecified category," 3.9  Check out the detailed rating of reliability, maintenance costs, value for money, etc. Compare with any other motorcycle.",499.0 ccm (30.45 cubic inches),"Twin, four-stroke",50.0 HP (36.5  kW)) @ 8500 RPM,44.1 Nm (4.5 kgf-m or 32.6 ft.lbs) @ 7300 RPM,4,6-speed,Single disc,Expanding brake,186.0 kg (410.1 pounds),0.2688 HP/kg,"730 mm (28.7 inches) If adjustable, lowest setting.",11.00 litres (2.91 US gallons),,,,,,,,,,,,,,,,,,,,,,,,,,,,,,,,,,,,,,,,,,,,,,,,,,,,,
BMW R 100 GS-PD,1993,Super motard," 3.7  Check out the detailed rating of off-road capabilities, engine performance, maintenance cost, etc. Compare with any other bike.",979.0 ccm (59.74 cubic inches),"Two cylinder boxer, four-stroke",60.0 HP (43.8  kW)) @ 6500 RPM,75.5 Nm (7.7 kgf-m or 55.7 ft.lbs) @ 3750 RPM,2,5-speed,Single disc,Expanding brake,207.0 kg (456.4 pounds),0.2899 HP/kg,"850 mm (33.5 inches) If adjustable, lowest setting.",35.00 litres (9.25 US gallons),5.00 litres (1.32 US gallons),,Carburettor. Bing,,,Air,Chain   (final drive),,,,Electric,,,,250.0 kg (551.2 pounds),,,,,,,,,1.85-21 ,2.50-17 ,,2290 mm (90.2 inches),,,,,Telescopic fork,Paralever,,,,,,,,,,,,,,,,,,,,
Husqvarna TE 610,1993,Unspecified category," 3.5  Check out the detailed rating of reliability, maintenance costs, value for money, etc. Compare with any other motorcycle.",577.0 ccm (35.21 cubic inches),"Single cylinder, four-stroke",50.0 HP (36.5  kW)) @ 6500 RPM,54.9 Nm (5.6 kgf-m or 40.5 ft.lbs) @ 6000 RPM,4,6-speed,Single disc,Single disc,117.0 kg (257.9 pounds),0.4274 HP/kg,"945 mm (37.2 inches) If adjustable, lowest setting.",9.10 litres (2.40 US gallons),1.50 litres (0.40 US gallons),,,,,,,,,,,,,,,,,,,,,,,,,,,,,,,,,,,,,,,,,,,,,,,,,,,,
Suzuki VX 800,1993,Unspecified category," 3.2  Check out the detailed rating of reliability, maintenance costs, value for money, etc. Compare with any other motorcycle.",805.0 ccm (49.12 cubic inches),"V2, four-stroke",63.0 HP (46.0  kW)) @ 6500 RPM,73.6 Nm (7.5 kgf-m or 54.3 ft.lbs) @ 5500 RPM,4,5-speed,Single disc,Single disc,213.0 kg (469.6 pounds),0.2958 HP/kg,"710 mm (28.0 inches) If adjustable, lowest setting.",19.00 litres (5.02 US gallons),4.00 litres (1.06 US gallons),,,,,,,,,,,,,,,,,,,,,,,,,,,,,,,,,,,,,,,,,,,,,,,,,,,,
BMW R 100 RT,1993,Unspecified category," 3.4  Check out the detailed rating of reliability, maintenance costs, value for money, etc. Compare with any other motorcycle.",979.0 ccm (59.74 cubic inches),"Two cylinder boxer, four-stroke",60.0 HP (43.8  kW)) @ 6500 RPM,73.6 Nm (7.5 kgf-m or 54.3 ft.lbs) @ 3500 RPM,2,5-speed,Dual disc,Expanding brake,214.0 kg (471.8 pounds),0.2804 HP/kg,"807 mm (31.8 inches) If adjustable, lowest setting.",22.00 litres (5.81 US gallons),2.00 litres (0.53 US gallons),,,,,,,,,,,,,,,,,,,,,,,,,,,,,,,,,,,,,,,,,,,,,,,,,,,,
Yamaha FZR 1000,1993,Unspecified category," 4.0  Check out the detailed rating of reliability, maintenance costs, value for money, etc. Compare with any other motorcycle.",1003.0 ccm (61.20 cubic inches),"In-line four, four-stroke",145.0 HP (105.8  kW)) @ 10000 RPM,106.9 Nm (10.9 kgf-m or 78.8 ft.lbs) @ 8500 RPM,5,5-speed,Dual disc,Single disc,209.0 kg (460.8 pounds),0.6938 HP/kg,"770 mm (30.3 inches) If adjustable, lowest setting.",19.00 litres (5.02 US gallons),3.50 litres (0.92 US gallons),,,,,,,,,,,,,,,,,,,,,,,,,,,,,,,,,,,,,,,,,,,,,,,,,,,,
Ural M 67,1993,Unspecified category," 2.7  Check out the detailed rating of reliability, maintenance costs, value for money, etc. Compare with any other motorcycle.",649.0 ccm (39.60 cubic inches),"Two cylinder boxer, four-stroke",36.0 HP (26.3  kW)) @ 5800 RPM,43.2 Nm (4.4 kgf-m or 31.8 ft.lbs) @ 5000 RPM,2,4-speed,Expanding brake,Expanding brake,225.0 kg (496.0 pounds),0.1600 HP/kg,"810 mm (31.9 inches) If adjustable, lowest setting.",19.00 litres (5.02 US gallons),2.00 litres (0.53 US gallons),,,,,,,,,,,,,,,,,,,,,,,,,,,,,,,,,,,,,,,,,,,,,,,,,,,,
Kawasaki ZZR 1100,1993,Unspecified category," 3.6  Check out the detailed rating of reliability, maintenance costs, value for money, etc. Compare with any other motorcycle.",1052.0 ccm (64.19 cubic inches),"In-line four, four-stroke",125.0 HP (91.2  kW)) @ 9500 RPM,102.0 Nm (10.4 kgf-m or 75.2 ft.lbs) @ 8500 RPM,4,6-speed,Single disc,Single disc,233.0 kg (513.7 pounds),0.5365 HP/kg,"780 mm (30.7 inches) If adjustable, lowest setting.",24.00 litres (6.34 US gallons),,,,,,,,,,,,,,,,,,,,,,,,,,,,,,,,,,,,,,,,,,,,,,,,,,,,,
Harley-Davidson 1340 Low Rider Convertible,1993,Unspecified category," 3.3  Check out the detailed rating of reliability, maintenance costs, value for money, etc. Compare with any other motorcycle.",1338.0 ccm (81.64 cubic inches),"V2, four-stroke",48.0 HP (35.0  kW)) @ 4900 RPM,86.3 Nm (8.8 kgf-m or 63.7 ft.lbs) @ 2400 RPM,2,5-speed,Dual disc,Single disc,282.0 kg (621.7 pounds),0.1702 HP/kg,"699 mm (27.5 inches) If adjustable, lowest setting.",15.90 litres (4.20 US gallons),,,,,,,,,,,,,,,,,,,,,,,,,,,,,,,,,,,,,,,,,,,,,,,,,,,,,
Yamaha XJ 900,1993,Unspecified category," 3.4  Check out the detailed rating of reliability, maintenance costs, value for money, etc. Compare with any other motorcycle.",892.0 ccm (54.43 cubic inches),"In-line four, four-stroke",92.0 HP (67.2  kW)) @ 9000 RPM,75.5 Nm (7.7 kgf-m or 55.7 ft.lbs) @ 7000 RPM,2,5-speed,Dual disc,Single disc,218.0 kg (480.6 pounds),0.4220 HP/kg,"790 mm (31.1 inches) If adjustable, lowest setting.",22.00 litres (5.81 US gallons),5.00 litres (1.32 US gallons),,,,,,,,,,,,,,,,,,,,,,,,,,,,,,,,,,,,,,,,,,,,,,,,,,,,
Harley-Davidson 1340 Heritage Nostalgia,1993,Unspecified category," 3.6  Check out the detailed rating of reliability, maintenance costs, value for money, etc. Compare with any other motorcycle.",1338.0 ccm (81.64 cubic inches),"V2, four-stroke",48.0 HP (35.0  kW)) @ 4900 RPM,86.3 Nm (8.8 kgf-m or 63.7 ft.lbs) @ 2400 RPM,2,5-speed,Single disc,Single disc,360.0 kg (793.7 pounds),0.1333 HP/kg,"670 mm (26.4 inches) If adjustable, lowest setting.",19.70 litres (5.20 US gallons),,,,,,,,,,,,,,,,,,,,,,,,,,,,,,,,,,,,,,,,,,,,,,,,,,,,,
Yamaha XT 600,1993,Unspecified category," 3.6  Check out the detailed rating of reliability, maintenance costs, value for money, etc. Compare with any other motorcycle.",595.0 ccm (36.31 cubic inches),"Single cylinder, four-stroke",45.0 HP (32.8  kW)) @ 6500 RPM,50.0 Nm (5.1 kgf-m or 36.9 ft.lbs) @ 5500 RPM,4,5-speed,Single disc,Single disc,156.0 kg (343.9 pounds),0.2885 HP/kg,"885 mm (34.8 inches) If adjustable, lowest setting.",13.00 litres (3.43 US gallons),2.00 litres (0.53 US gallons),,,,,,,,,,,,,,,,,,,,,,,,,,,,,,,,,,,,,,,,,,,,,,,,,,,,
BMW R 80 RT,1993,Unspecified category," 3.3  Check out the detailed rating of reliability, maintenance costs, value for money, etc. Compare with any other motorcycle.",797.0 ccm (48.63 cubic inches),"Two cylinder boxer, four-stroke",50.0 HP (36.5  kW)) @ 6500 RPM,57.9 Nm (5.9 kgf-m or 42.7 ft.lbs) @ 4000 RPM,2,5-speed,Single disc,Expanding brake,207.0 kg (456.4 pounds),0.2415 HP/kg,"807 mm (31.8 inches) If adjustable, lowest setting.",22.00 litres (5.81 US gallons),2.00 litres (0.53 US gallons),,,,,,,,,,,,,,,,,,,,,,,,,,,,,,,,,,,,,,,,,,,,,,,,,,,,
